utt_id,speaker_id,severity,reference,hypothesis,word_edits,reference_words,wer,character_edits,reference_characters,cer,length_ratio,empty_hypothesis
FC03-Session1-headMic-0005,FC03,control,BORN,RIN,1,1,1.0,3,4,0.75,0.75,False
FC03-Session1-headMic-0007,FC03,control,NO,E,1,1,1.0,2,2,1.0,0.5,False
FC03-Session1-headMic-0008,FC03,control,TRAIN,AT,1,1,1.0,4,5,0.8,0.4,False
FC03-Session1-headMic-0009,FC03,control,RAIN,EH,1,1,1.0,4,4,1.0,0.5,False
FC03-Session1-headMic-0010,FC03,control,RATE,E,1,1,1.0,3,4,0.75,0.25,False
FC03-Session1-headMic-0012,FC03,control,FEED,EAT,1,1,1.0,3,4,0.75,0.75,False
FC03-Session1-headMic-0013,FC03,control,PARK,RIT,1,1,1.0,4,4,1.0,0.75,False
FC03-Session1-headMic-0014,FC03,control,DOWN,AIRE,1,1,1.0,4,4,1.0,1.0,False
FC03-Session1-headMic-0015,FC03,control,STORE,FOO,1,1,1.0,4,5,0.8,0.6,False
FC03-Session1-headMic-0016,FC03,control,PAT,OOT,1,1,1.0,2,3,0.6666666666666666,1.0,False
FC03-Session1-headMic-0017,FC03,control,CHAIR,ART,1,1,1.0,4,5,0.8,0.6,False
FC03-Session1-headMic-0018,FC03,control,KNEW,AIR,1,1,1.0,4,4,1.0,0.75,False
FC03-Session1-headMic-0019,FC03,control,RAGE,ROATT,1,1,1.0,3,4,0.75,1.25,False
FC03-Session1-headMic-0020,FC03,control,RAGE,RSH,1,1,1.0,3,4,0.75,0.75,False
FC03-Session1-headMic-0021,FC03,control,SIP,SIS,1,1,1.0,1,3,0.3333333333333333,1.0,False
FC03-Session1-headMic-0025,FC03,control,AIR,,1,1,1.0,3,3,1.0,0.0,True
FC03-Session1-headMic-0026,FC03,control,HE SLOWLY TAKES A SHORT WALK IN THE OPEN AIR EACH DAY,S,12,12,1.0,41,42,0.9761904761904762,0.023809523809523808,False
FC03-Session1-headMic-0027,FC03,control,KNEE,AA,1,1,1.0,4,4,1.0,0.5,False
FC03-Session1-headMic-0028,FC03,control,DOUBLE,RIHIAE,1,1,1.0,5,6,0.8333333333333334,1.0,False
FC03-Session1-headMic-0029,FC03,control,STORM,A,1,1,1.0,5,5,1.0,0.2,False
FC03-Session1-headMic-0030,FC03,control,STORM,SORO,1,1,1.0,2,5,0.4,0.8,False
FC03-Session1-headMic-0031,FC03,control,STICKS,PS,1,1,1.0,5,6,0.8333333333333334,0.3333333333333333,False
FC03-Session1-headMic-0032,FC03,control,SPARK,SI,1,1,1.0,4,5,0.8,0.4,False
FC03-Session1-headMic-0033,FC03,control,GADGET,ASI,1,1,1.0,5,6,0.8333333333333334,0.5,False
FC03-Session1-headMic-0034,FC03,control,ALPHA,AFR,1,1,1.0,4,5,0.8,0.6,False
FC03-Session1-headMic-0035,FC03,control,GRANDFATHER LIKES TO BE MODERN IN HIS LANGUAGE,,8,8,1.0,39,39,1.0,0.0,True
FC03-Session1-headMic-0037,FC03,control,RANGE,AT,1,1,1.0,4,5,0.8,0.4,False
FC03-Session1-headMic-0038,FC03,control,BUBBLE,OO,1,1,1.0,6,6,1.0,0.3333333333333333,False
FC03-Session1-headMic-0039,FC03,control,THE,OTA,1,1,1.0,3,3,1.0,1.0,False
FC03-Session1-headMic-0040,FC03,control,SHARE,FARAT,1,1,1.0,4,5,0.8,1.0,False
FC03-Session1-headMic-0041,FC03,control,RACE,AICS,1,1,1.0,3,4,0.75,1.0,False
FC03-Session1-headMic-0042,FC03,control,BAT,TT,1,1,1.0,2,3,0.6666666666666666,0.6666666666666666,False
FC03-Session1-headMic-0043,FC03,control,TWO,E,1,1,1.0,3,3,1.0,0.3333333333333333,False
FC03-Session1-headMic-0044,FC03,control,DAGGER,AR,1,1,1.0,4,6,0.6666666666666666,0.3333333333333333,False
FC03-Session1-headMic-0045,FC03,control,TIP,I,1,1,1.0,2,3,0.6666666666666666,0.3333333333333333,False
FC03-Session1-headMic-0046,FC03,control,WARM,OOE,1,1,1.0,4,4,1.0,0.75,False
FC03-Session1-headMic-0047,FC03,control,TROUBLE,FAI,1,1,1.0,7,7,1.0,0.42857142857142855,False
FC03-Session1-headMic-0048,FC03,control,STUBBLE,SRO,1,1,1.0,6,7,0.8571428571428571,0.42857142857142855,False
FC03-Session1-headMic-0049,FC03,control,WELL HE IS NEARLY NINETY THREE YEARS OLD,S   R,8,8,1.0,31,33,0.9393939393939394,0.06060606060606061,False
FC03-Session1-headMic-0050,FC03,control,DUG,AT,1,1,1.0,3,3,1.0,0.6666666666666666,False
FC03-Session1-headMic-0051,FC03,control,BEAT,EET,1,1,1.0,2,4,0.5,0.75,False
FC03-Session1-headMic-0052,FC03,control,SHEET,S,1,1,1.0,4,5,0.8,0.2,False
FC03-Session1-headMic-0053,FC03,control,USUALLY MINUS SEVERAL BUTTONS,S,4,4,1.0,25,26,0.9615384615384616,0.038461538461538464,False
FC03-Session1-headMic-0054,FC03,control,WHEN HE SPEAKS HIS VOICE IS JUST A BIT CRACKED AND QUIVERS A TRIFLE,S  S  S S       S,14,14,1.0,49,54,0.9074074074074074,0.09259259259259259,False
FC03-Session1-headMic-0055,FC03,control,WHEN HE SPEAKS HIS VOICE IS JUST A BIT CRACKED AND QUIVERS A TRIFLE,O  S  S    S      S S,14,14,1.0,49,54,0.9074074074074074,0.1111111111111111,False
FC03-Session1-headMic-0056,FC03,control,SLIP,IRT,1,1,1.0,4,4,1.0,0.75,False
FC03-Session1-headMic-0057,FC03,control,RIGHT,ORI,1,1,1.0,4,5,0.8,0.6,False
FC03-Session1-headMic-0058,FC03,control,TORN,O,1,1,1.0,3,4,0.75,0.25,False
FC03-Session1-headMic-0059,FC03,control,YOU WISHED TO KNOW ALL ABOUT MY GRANDFATHER,R S  R,8,8,1.0,34,36,0.9444444444444444,0.08333333333333333,False
FC03-Session1-headMic-0060,FC03,control,BUT HE ALWAYS ANSWERS BANANA OIL,S L S,6,6,1.0,25,27,0.9259259259259259,0.1111111111111111,False
FC03-Session1-headMic-0061,FC03,control,CORN,F,1,1,1.0,4,4,1.0,0.25,False
FC03-Session1-headMic-0062,FC03,control,FEET,SHEP,1,1,1.0,3,4,0.75,1.0,False
FC03-Session1-headMic-0063,FC03,control,THE QUICK BROWN FOX JUMPS OVER THE LAZY DOG,A S A,9,9,1.0,33,35,0.9428571428571428,0.08571428571428572,False
FC03-Session1-headMic-0064,FC03,control,RAID,HR,1,1,1.0,4,4,1.0,0.5,False
FC03-Session1-headMic-0065,FC03,control,UP,,1,1,1.0,2,2,1.0,0.0,True
FC03-Session1-headMic-0066,FC03,control,KNOW,RE,1,1,1.0,4,4,1.0,0.5,False
FC03-Session1-headMic-0067,FC03,control,GLOW,A,1,1,1.0,4,4,1.0,0.25,False
FC03-Session1-headMic-0068,FC03,control,WEED,RAT,1,1,1.0,4,4,1.0,0.75,False
FC03-Session1-headMic-0069,FC03,control,SHE HAD YOUR DARK SUIT IN GREASY WASH WATER ALL YEAR,L S     R,11,11,1.0,40,42,0.9523809523809523,0.07142857142857142,False
FC03-Session1-headMic-0070,FC03,control,AIR,FAR,1,1,1.0,2,3,0.6666666666666666,1.0,False
FC03-Session1-headMic-0071,FC03,control,SWARM,FOE,1,1,1.0,5,5,1.0,0.6,False
FC03-Session1-headMic-0072,FC03,control,STICK,S,1,1,1.0,4,5,0.8,0.2,False
FC03-Session1-headMic-0073,FC03,control,TRAIT,TIT,1,1,1.0,2,5,0.4,0.6,False
FC03-Session1-headMic-0074,FC03,control,CAR,R,1,1,1.0,2,3,0.6666666666666666,0.3333333333333333,False
FC03-Session1-headMic-0075,FC03,control,STORM,SIR,1,1,1.0,3,5,0.6,0.6,False
FC03-Session1-headMic-0076,FC03,control,YES,AS,1,1,1.0,2,3,0.6666666666666666,0.6666666666666666,False
FC03-Session1-headMic-0078,FC03,control,DARK,,1,1,1.0,4,4,1.0,0.0,True
FC03-Session1-headMic-0079,FC03,control,SWARM,SL,1,1,1.0,4,5,0.8,0.4,False
FC03-Session1-headMic-0080,FC03,control,SWARM,SO,1,1,1.0,4,5,0.8,0.4,False
FC03-Session1-headMic-0081,FC03,control,GOAT,HHRE,1,1,1.0,4,4,1.0,1.0,False
FC03-Session1-headMic-0082,FC03,control,SHIP,SIP,1,1,1.0,1,4,0.25,0.75,False
FC03-Session1-headMic-0083,FC03,control,CHAIR,FTOAR,1,1,1.0,4,5,0.8,1.0,False
FC03-Session1-headMic-0085,FC03,control,JAGGED,O,1,1,1.0,6,6,1.0,0.16666666666666666,False
FC03-Session1-headMic-0086,FC03,control,BETA,HIL,1,1,1.0,4,4,1.0,0.75,False
FC03-Session1-headMic-0087,FC03,control,FAIR,IRART,1,1,1.0,4,4,1.0,1.25,False
FC03-Session1-headMic-0088,FC03,control,SIP,SIP,0,1,0.0,0,3,0.0,1.0,False
FC03-Session1-headMic-0089,FC03,control,A LONG FLOWING BEARD CLINGS TO HIS CHIN,S,8,8,1.0,31,32,0.96875,0.03125,False
FC03-Session1-headMic-0090,FC03,control,RAKE,RITF,1,1,1.0,3,4,0.75,1.0,False
FC03-Session1-headMic-0091,FC03,control,RAVE,RE,1,1,1.0,2,4,0.5,0.5,False
FC03-Session1-headMic-0092,FC03,control,TRADE,IES,1,1,1.0,5,5,1.0,0.6,False
FC03-Session1-headMic-0093,FC03,control,FEET,S,1,1,1.0,4,4,1.0,0.25,False
FC03-Session1-headMic-0094,FC03,control,BEAT,T,1,1,1.0,3,4,0.75,0.25,False
FC03-Session1-headMic-0095,FC03,control,SWORE,SLOR,1,1,1.0,2,5,0.4,0.8,False
FC03-Session1-headMic-0096,FC03,control,FARM,,1,1,1.0,4,4,1.0,0.0,True
FC03-Session1-headMic-0097,FC03,control,DON'T ASK ME TO CARRY AN OILY RAG LIKE THAT,I L    R  R,10,10,1.0,31,34,0.9117647058823529,0.11764705882352941,False
FC03-Session1-headMic-0098,FC03,control,BIT,AT,1,1,1.0,2,3,0.6666666666666666,0.6666666666666666,False
FC03-Session1-headMic-0099,FC03,control,GROW,OROR,1,1,1.0,2,4,0.5,1.0,False
FC03-Session1-headMic-0100,FC03,control,GO,HROL,1,1,1.0,3,2,1.5,2.0,False
FC03-Session1-headMic-0101,FC03,control,FORM,SFR,1,1,1.0,3,4,0.75,0.75,False
FC03-Session1-headMic-0102,FC03,control,SIP,SI,1,1,1.0,1,3,0.3333333333333333,0.6666666666666666,False
FC03-Session1-headMic-0103,FC03,control,LEFT,IIT,1,1,1.0,3,4,0.75,0.75,False
FC03-Session1-headMic-0104,FC03,control,BUG,AR,1,1,1.0,3,3,1.0,0.6666666666666666,False
FC03-Session1-headMic-0105,FC03,control,EXCEPT IN THE WINTER WHEN THE OOZE OR SNOW OR ICE PREVENTS,S  S,12,12,1.0,45,47,0.9574468085106383,0.0425531914893617,False
FC03-Session1-headMic-0106,FC03,control,KNEW,IR,1,1,1.0,4,4,1.0,0.5,False
FC03-Session1-headMic-0107,FC03,control,FEE,SAEA,1,1,1.0,3,3,1.0,1.3333333333333333,False
FC03-Session1-headMic-0108,FC03,control,JACKET,FEE,1,1,1.0,5,6,0.8333333333333334,0.5,False
FC03-Session1-headMic-0109,FC03,control,TWICE EACH DAY HE PLAYS SKILLFULLY AND WITH ZEST UPON OUR SMALL ORGAN,S   S        S,13,13,1.0,54,57,0.9473684210526315,0.05263157894736842,False
FC03-Session1-headMic-0111,FC03,control,HORN,EE,1,1,1.0,4,4,1.0,0.5,False
FC03-Session1-headMic-0112,FC03,control,GIVING THOSE WHO OBSERVE HIM A PRONOUNCED FEELING OF THE UTMOST RESPECT,S         S      S S,12,12,1.0,56,60,0.9333333333333333,0.06666666666666667,False
FC03-Session1-headMic-0114,FC03,control,FEED,SO,1,1,1.0,4,4,1.0,0.5,False
FC03-Session1-headMic-0115,FC03,control,YET HE STILL THINKS AS SWIFTLY AS EVER,S R  S    R,8,8,1.0,28,31,0.9032258064516129,0.12903225806451613,False
FC03-Session1-headMic-0117,FC03,control,WE HAVE OFTEN URGED HIM TO WALK MORE AND SMOKE LESS,S  S,11,11,1.0,39,41,0.9512195121951219,0.04878048780487805,False
FC03-Session1-headMic-0118,FC03,control,WE HAVE OFTEN URGED HIM TO WALK MORE AND SMOKE LESS,AI      S,11,11,1.0,38,41,0.926829268292683,0.07317073170731707,False
FC03-Session1-headMic-0119,FC03,control,FOR,FORAC,1,1,1.0,2,3,0.6666666666666666,1.6666666666666667,False
FC03-Session1-headMic-0120,FC03,control,TRACE,ES,1,1,1.0,5,5,1.0,0.4,False
FC03-Session1-headMic-0121,FC03,control,FLOOR,ARC,1,1,1.0,5,5,1.0,0.6,False
FC03-Session1-headMic-0122,FC03,control,MEAT,E,1,1,1.0,3,4,0.75,0.25,False
FC03-Session1-headMic-0123,FC03,control,HAIR,ENR,1,1,1.0,3,4,0.75,0.75,False
FC03-Session1-headMic-0125,FC03,control,WARM,IL,1,1,1.0,4,4,1.0,0.5,False
FC03-Session1-headMic-0126,FC03,control,ONE,I,1,1,1.0,3,3,1.0,0.3333333333333333,False
FC03-Session1-headMic-0127,FC03,control,HE DRESSES HIMSELF IN AN ANCIENT BLACK FROCK COAT,S       S A A,9,9,1.0,37,41,0.9024390243902439,0.0975609756097561,False
FC03-Session1-headMic-0128,FC03,control,FLOOR,FORR,1,1,1.0,2,5,0.4,0.8,False
FC03-Session1-headMic-0129,FC03,control,FLOOR,FRA,1,1,1.0,4,5,0.8,0.6,False
FC03-Session1-headMic-0130,FC03,control,CHEER,SIR,1,1,1.0,4,5,0.8,0.6,False
FC03-Session1-headMic-0131,FC03,control,BEAR,AT,1,1,1.0,3,4,0.75,0.5,False
FC03-Session1-headMic-0132,FC03,control,I TRIED TO TELL PEOPLE IN THE COMMUNITY,IL  L,8,8,1.0,29,32,0.90625,0.09375,False
FC03-Session1-headMic-0133,FC03,control,ROCKS,RES,1,1,1.0,3,5,0.6,0.6,False
FC03-Session1-headMic-0134,FC03,control,SHEAR,IRH,1,1,1.0,5,5,1.0,0.6,False
FC03-Session1-headMic-0135,FC03,control,AREA,A,1,1,1.0,3,4,0.75,0.25,False
FC03-Session1-headMic-0136,FC03,control,THE HUMIDITY IS OVERWHELMING THERE,S I  R,5,5,1.0,27,30,0.9,0.1,False
FC03-Session1-headMic-0137,FC03,control,DROOP,AA,1,1,1.0,5,5,1.0,0.4,False
FC03-Session1-headMic-0138,FC03,control,WHOOP,EET,1,1,1.0,5,5,1.0,0.6,False
FC03-Session1-headMic-0139,FC03,control,DOT,LLT,1,1,1.0,2,3,0.6666666666666666,1.0,False
FC03-Session1-headMic-0140,FC03,control,IF YOU DESTROY CONFIDENCE IN BANKS YOU DO SOMETHING TO THE ECONOMY HE SAID,S,14,14,1.0,60,61,0.9836065573770492,0.01639344262295082,False
FC03-Session1-headMic-0141,FC03,control,ATE,ET,1,1,1.0,2,3,0.6666666666666666,0.6666666666666666,False
FC03-Session1-headMic-0142,FC03,control,MOTHER SEWS YELLOW GINGHAM APRONS,S R S R,5,5,1.0,26,29,0.896551724137931,0.13793103448275862,False
FC03-Session1-headMic-0143,FC03,control,MOTHER SEWS YELLOW GINGHAM APRONS,S S  R     A S,5,5,1.0,25,29,0.8620689655172413,0.1724137931034483,False
FC03-Session1-headMic-0144,FC03,control,WHITE,ET,1,1,1.0,4,5,0.8,0.4,False
FC03-Session1-headMic-0145,FC03,control,WE'RE,AT,1,1,1.0,5,5,1.0,0.4,False
FC03-Session1-headMic-0146,FC03,control,ROOT,OT,1,1,1.0,2,4,0.5,0.5,False
FC03-Session1-headMic-0147,FC03,control,PAD,INT,1,1,1.0,3,3,1.0,1.0,False
FC03-Session1-headMic-0148,FC03,control,MENU,EAR,1,1,1.0,3,4,0.75,0.75,False
FC03-Session1-headMic-0149,FC03,control,WHY YELL OR WORRY OVER SILLY ITEMS,L R S,7,7,1.0,25,28,0.8928571428571429,0.10714285714285714,False
FC03-Session1-headMic-0150,FC03,control,LIGHT,E,1,1,1.0,5,5,1.0,0.2,False
FC03-Session1-headMic-0151,FC03,control,THIS WAS EASY FOR US,S AE RS,5,5,1.0,11,16,0.6875,0.3125,False
FC03-Session1-headMic-0152,FC03,control,FORWARD,FAOR,1,1,1.0,5,7,0.7142857142857143,0.5714285714285714,False
FC03-Session1-headMic-0153,FC03,control,SHE IS THINNER THAN I AM,EAE,6,6,1.0,17,19,0.8947368421052632,0.15789473684210525,False
FC03-Session1-headMic-0154,FC03,control,SHE IS THINNER THAN I AM,R,6,6,1.0,18,19,0.9473684210526315,0.05263157894736842,False
FC03-Session1-headMic-0155,FC03,control,TWO OTHER CASES WERE ALSO UNDER ADVISEMENT,,7,7,1.0,36,36,1.0,0.0,True
FC03-Session1-headMic-0156,FC03,control,GNAW,O,1,1,1.0,4,4,1.0,0.25,False
FC03-Session1-headMic-0157,FC03,control,THEY CARRIED ME OFF ON THE STRETCHER,S,7,7,1.0,29,30,0.9666666666666667,0.03333333333333333,False
FC03-Session1-headMic-0158,FC03,control,ALL THE BIG BASEBALL PLAYERS GET TRADED,R    A,7,7,1.0,31,33,0.9393939393939394,0.06060606060606061,False
FC03-Session1-headMic-0159,FC03,control,THROUGH,SE,1,1,1.0,7,7,1.0,0.2857142857142857,False
FC03-Session1-headMic-0161,FC03,control,THOUGH,SHR,1,1,1.0,5,6,0.8333333333333334,0.5,False
FC03-Session1-headMic-0162,FC03,control,BOTH FIGURES WOULD GO HIGHER IN LATER YEARS,SR S,8,8,1.0,33,36,0.9166666666666666,0.08333333333333333,False
FC03-Session1-headMic-0163,FC03,control,HEAR,SAR,1,1,1.0,2,4,0.5,0.75,False
FC03-Session1-headMic-0164,FC03,control,FATE,SET,1,1,1.0,3,4,0.75,0.75,False
FC03-Session1-headMic-0165,FC03,control,THIGH,S,1,1,1.0,5,5,1.0,0.2,False
FC03-Session1-headMic-0166,FC03,control,TILE,HAOLD,1,1,1.0,4,4,1.0,1.25,False
FC03-Session1-headMic-0167,FC03,control,FRUIT,RIT,1,1,1.0,2,5,0.4,0.6,False
FC03-Session1-headMic-0168,FC03,control,HATE,T,1,1,1.0,3,4,0.75,0.25,False
FC03-Session1-headMic-0169,FC03,control,I LOOKED UP AND NOTICED TWO OLD MEN,,8,8,1.0,28,28,1.0,0.0,True
FC03-Session1-headMic-0170,FC03,control,YOU'D BE BETTER OFF TAKING A COLD SHOWER,O,8,8,1.0,32,33,0.9696969696969697,0.030303030303030304,False
FC03-Session1-headMic-0171,FC03,control,STEER,SI,1,1,1.0,4,5,0.8,0.4,False
FC03-Session1-headMic-0172,FC03,control,CHARLIE,TRAE,1,1,1.0,5,7,0.7142857142857143,0.5714285714285714,False
FC03-Session1-headMic-0173,FC03,control,GALORE,AIRAIRA,1,1,1.0,6,6,1.0,1.1666666666666667,False
FC03-Session1-headMic-0174,FC03,control,SUIT,SIT,1,1,1.0,1,4,0.25,0.75,False
FC03-Session1-headMic-0175,FC03,control,SELECT,SIO,1,1,1.0,5,6,0.8333333333333334,0.5,False
FC03-Session1-headMic-0176,FC03,control,ROCK,R,1,1,1.0,3,4,0.75,0.25,False
FC03-Session1-headMic-0177,FC03,control,SLAY,FOT,1,1,1.0,4,4,1.0,0.75,False
FC03-Session1-headMic-0178,FC03,control,SIGH,SRAIT,1,1,1.0,4,4,1.0,1.25,False
FC03-Session1-headMic-0179,FC03,control,BRIGHT SUNSHINE SHIMMERS ON THE OCEAN,S  S L O,6,6,1.0,29,32,0.90625,0.125,False
FC03-Session1-headMic-0180,FC03,control,JANE MAY EARN MORE MONEY BY WORKING HARD,,8,8,1.0,33,33,1.0,0.0,True
FC03-Session1-headMic-0181,FC03,control,EXPLORE,TLA,1,1,1.0,6,7,0.8571428571428571,0.42857142857142855,False
FC03-Session1-headMic-0183,FC03,control,BAD,EE,1,1,1.0,3,3,1.0,0.6666666666666666,False
FC03-Session1-headMic-0184,FC03,control,OF,ORS,1,1,1.0,2,2,1.0,1.5,False
FC03-Session1-headMic-0185,FC03,control,EVERYTHING WENT REAL SMOOTH THE SHERIFF SAID,S R A R S,7,7,1.0,34,38,0.8947368421052632,0.13157894736842105,False
FC03-Session1-headMic-0186,FC03,control,MUT,ET,1,1,1.0,2,3,0.6666666666666666,0.6666666666666666,False
FC03-Session1-headMic-0187,FC03,control,WHERE WERE YOU WHILE WE WERE AWAY,R L,7,7,1.0,25,27,0.9259259259259259,0.07407407407407407,False
FC03-Session1-headMic-0188,FC03,control,KNEW,R,1,1,1.0,4,4,1.0,0.25,False
FC03-Session1-headMic-0189,FC03,control,PRIOR,R,1,1,1.0,4,5,0.8,0.2,False
FC03-Session1-headMic-0190,FC03,control,ARE YOUR GRADES HIGHER OR LOWER THAN NANCY'S,S  R  S,8,8,1.0,34,37,0.918918918918919,0.08108108108108109,False
FC03-Session1-headMic-0191,FC03,control,SIGH,FSLO,1,1,1.0,4,4,1.0,1.0,False
FC03-Session1-headMic-0192,FC03,control,TIE,A,1,1,1.0,3,3,1.0,0.3333333333333333,False
FC03-Session1-headMic-0193,FC03,control,BOOT,ETT,1,1,1.0,3,4,0.75,0.75,False
FC03-Session1-headMic-0194,FC03,control,KNOW,FAT,1,1,1.0,4,4,1.0,0.75,False
FC03-Session1-headMic-0195,FC03,control,WRITE,IT,1,1,1.0,3,5,0.6,0.4,False
FC03-Session1-headMic-0196,FC03,control,SNOOP,FIEAR,1,1,1.0,5,5,1.0,1.0,False
FC03-Session1-headMic-0197,FC03,control,SIGH,FSOA,1,1,1.0,4,4,1.0,1.0,False
FC03-Session1-headMic-0198,FC03,control,YOU'RE USED TO BEING ON THE FIELD,,7,7,1.0,27,27,1.0,0.0,True
FC03-Session1-headMic-0199,FC03,control,WISH,LIISIH,1,1,1.0,3,4,0.75,1.5,False
FC03-Session1-headMic-0200,FC03,control,LIP,TA,1,1,1.0,3,3,1.0,0.6666666666666666,False
FC03-Session1-headMic-0201,FC03,control,NEAR,R,1,1,1.0,3,4,0.75,0.25,False
FC03-Session1-headMic-0206,FC03,control,TROOP,TI,1,1,1.0,4,5,0.8,0.4,False
FC03-Session1-headMic-0207,FC03,control,FOUR,SSORAH,1,1,1.0,5,4,1.25,1.5,False
FC03-Session1-headMic-0208,FC03,control,JUST ONE SIDE GOT WET,L S,5,5,1.0,16,17,0.9411764705882353,0.11764705882352941,False
FC03-Session1-headMic-0209,FC03,control,NOTHING IS AS OFFENSIVE AS INNOCENCE,S,6,6,1.0,30,31,0.967741935483871,0.03225806451612903,False
FC03-Session1-headMic-0210,FC03,control,SPRINKLE,FLA,1,1,1.0,7,8,0.875,0.375,False
FC03-Session1-headMic-0211,FC03,control,YES,TS,1,1,1.0,2,3,0.6666666666666666,0.6666666666666666,False
FC03-Session1-headMic-0212,FC03,control,MY SISTER MADE THE FLOWERED CURTAINS,R  R A,6,6,1.0,28,31,0.9032258064516129,0.0967741935483871,False
FC03-Session1-headMic-0213,FC03,control,COUPE,EI,1,1,1.0,5,5,1.0,0.4,False
FC03-Session1-headMic-0214,FC03,control,I JUST TRY TO DO MY BEST,S    O S,7,7,1.0,15,18,0.8333333333333334,0.16666666666666666,False
FC03-Session1-headMic-0215,FC03,control,ERROR,FORIT,1,1,1.0,4,5,0.8,1.0,False
FC03-Session1-headMic-0216,FC03,control,DELTA,LT,1,1,1.0,3,5,0.6,0.4,False
FC03-Session1-headMic-0217,FC03,control,PLAY,AT,1,1,1.0,3,4,0.75,0.5,False
FC03-Session1-headMic-0218,FC03,control,KNOT,ET,1,1,1.0,3,4,0.75,0.5,False
FC03-Session1-headMic-0219,FC03,control,WRITE,RETT,1,1,1.0,3,5,0.6,0.8,False
FC03-Session1-headMic-0220,FC03,control,WRITE,REA,1,1,1.0,4,5,0.8,0.6,False
FC03-Session1-headMic-0221,FC03,control,SLIP,SR,1,1,1.0,3,4,0.75,0.5,False
FC03-Session1-headMic-0222,FC03,control,URGENT,EET,1,1,1.0,4,6,0.6666666666666666,0.5,False
FC03-Session1-headMic-0223,FC03,control,GROUP,FO,1,1,1.0,4,5,0.8,0.4,False
FC03-Session1-headMic-0224,FC03,control,SHOOT,SE,1,1,1.0,4,5,0.8,0.4,False
FC03-Session1-headMic-0225,FC03,control,FEAR,ORT,1,1,1.0,4,4,1.0,0.75,False
FC03-Session1-headMic-0226,FC03,control,ATE,ITF,1,1,1.0,2,3,0.6666666666666666,1.0,False
FC03-Session1-headMic-0227,FC03,control,SLEEP,FEE,1,1,1.0,3,5,0.6,0.6,False
FC03-Session1-headMic-0228,FC03,control,MERE,SLA,1,1,1.0,4,4,1.0,0.75,False
FC03-Session1-headMic-0229,FC03,control,MERE,I,1,1,1.0,4,4,1.0,0.25,False
FC03-Session1-headMic-0231,FC03,control,ONE VALIDATED ACTS OF SCHOOL DISTRICTS,R   S S S,6,6,1.0,30,33,0.9090909090909091,0.12121212121212122,False
FC03-Session1-headMic-0232,FC03,control,I WAS CONSCIOUS ALL THE TIME,ES  S RO,6,6,1.0,20,23,0.8695652173913043,0.21739130434782608,False
FC03-Session1-headMic-0233,FC03,control,HERE,TFALET,1,1,1.0,5,4,1.25,1.5,False
FC03-Session1-headMic-0234,FC03,control,HE WILL ALLOW A RARE LIE,SR R,6,6,1.0,17,19,0.8947368421052632,0.15789473684210525,False
FC03-Session1-headMic-0235,FC03,control,SLIP,SAIT,1,1,1.0,2,4,0.5,1.0,False
FC03-Session1-headMic-0236,FC03,control,TOOT,FE,1,1,1.0,4,4,1.0,0.5,False
FC03-Session1-headMic-0237,FC03,control,WE GATHERED SHELLS ON THE BEACH,SILSES,6,6,1.0,22,26,0.8461538461538461,0.23076923076923078,False
FC03-Session1-headMic-0238,FC03,control,DEER,IR,1,1,1.0,3,4,0.75,0.5,False
FC03-Session1-headMic-0239,FC03,control,PAY,A,1,1,1.0,2,3,0.6666666666666666,0.3333333333333333,False
FC03-Session1-headMic-0240,FC03,control,MUCH,IST,1,1,1.0,4,4,1.0,0.75,False
FC03-Session1-headMic-0241,FC03,control,SWAY,SIE,1,1,1.0,3,4,0.75,0.75,False
FC03-Session1-headMic-0242,FC03,control,THEIR HOUSE IS GREY AND WHITE,AE,6,6,1.0,22,24,0.9166666666666666,0.08333333333333333,False
FC03-Session1-headMic-0243,FC03,control,THEIR HOUSE IS GREY AND WHITE,SEA,6,6,1.0,21,24,0.875,0.125,False
FC03-Session1-headMic-0244,FC03,control,PEER,ERT,1,1,1.0,3,4,0.75,0.75,False
FC03-Session1-headMic-0246,FC03,control,BRIAR,TRIRTH,1,1,1.0,4,5,0.8,1.2,False
FC03-Session1-headMic-0247,FC03,control,WILL ROBIN WEAR A YELLOW LILY,O   R R O OR,6,6,1.0,21,24,0.875,0.25,False
FC03-Session1-headMic-0248,FC03,control,BAD,T,1,1,1.0,3,3,1.0,0.3333333333333333,False
FC03-Session1-headMic-0249,FC03,control,THREE,SAT,1,1,1.0,5,5,1.0,0.6,False
FC03-Session1-headMic-0250,FC03,control,POT,AI,1,1,1.0,3,3,1.0,0.6666666666666666,False
FC03-Session1-headMic-0251,FC03,control,POT,IT,1,1,1.0,2,3,0.6666666666666666,0.6666666666666666,False
FC03-Session1-headMic-0252,FC03,control,PILE,RAR,1,1,1.0,4,4,1.0,0.75,False
FC03-Session1-headMic-0253,FC03,control,PAT,ET,1,1,1.0,2,3,0.6666666666666666,0.6666666666666666,False
FC03-Session1-headMic-0254,FC03,control,SUIT,SL,1,1,1.0,3,4,0.75,0.5,False
FC03-Session1-headMic-0255,FC03,control,THE ISLANDS ARE SPARSELY POPULATED,L I S,5,5,1.0,28,30,0.9333333333333333,0.1,False
FC03-Session1-headMic-0256,FC03,control,LOOP,EF,1,1,1.0,4,4,1.0,0.5,False
FC03-Session1-headMic-0257,FC03,control,SIDE,SIT,1,1,1.0,2,4,0.5,0.75,False
FC03-Session1-headMic-0258,FC03,control,SINGLE,SER,1,1,1.0,5,6,0.8333333333333334,0.5,False
FC03-Session1-headMic-0259,FC03,control,WITCH,RESH,1,1,1.0,4,5,0.8,0.8,False
FC03-Session1-headMic-0260,FC03,control,NO,O,1,1,1.0,1,2,0.5,0.5,False
FC03-Session1-headMic-0261,FC03,control,I FEEL I CAN PLAY THIS WEEKEND,L S S  E,7,7,1.0,21,24,0.875,0.16666666666666666,False
FC03-Session1-headMic-0262,FC03,control,CYCLE,STRR,1,1,1.0,5,5,1.0,0.8,False
FC03-Session1-headMic-0263,FC03,control,AIR,TAH,1,1,1.0,3,3,1.0,1.0,False
FC03-Session1-headMic-0264,FC03,control,JUNGLE,A,1,1,1.0,6,6,1.0,0.16666666666666666,False
FC03-Session1-headMic-0265,FC03,control,BACK,OSI,1,1,1.0,4,4,1.0,0.75,False
FC03-Session1-headMic-0266,FC03,control,THE TRAIN APPROACHED THE DEPOT SLOWLY,A    R,6,6,1.0,30,32,0.9375,0.0625,False
FC03-Session1-headMic-0267,FC03,control,I SCRUBBED THE FLOORS THOROUGHLY,IA SIR S R,5,5,1.0,24,28,0.8571428571428571,0.25,False
FC03-Session1-headMic-0268,FC03,control,PART,IT,1,1,1.0,3,4,0.75,0.5,False
FC03-Session1-headMic-0269,FC03,control,RICH,TSHP,1,1,1.0,4,4,1.0,1.0,False
FC03-Session1-headMic-0270,FC03,control,THE BOX CONTAINED THREE SWEATERS,SS,5,5,1.0,26,28,0.9285714285714286,0.07142857142857142,False
FC03-Session1-headMic-0271,FC03,control,FITTING,SA,1,1,1.0,7,7,1.0,0.2857142857142857,False
FC03-Session1-headMic-0272,FC03,control,ALFALFA IS HEALTHY FOR YOU,SI  L S L,5,5,1.0,19,22,0.8636363636363636,0.22727272727272727,False
FC03-Session1-headMic-0273,FC03,control,FILL,FHO,1,1,1.0,3,4,0.75,0.75,False
FC03-Session1-headMic-0274,FC03,control,SIGH,SRT,1,1,1.0,3,4,0.75,0.75,False
FC03-Session1-headMic-0275,FC03,control,LEAK,EFT,1,1,1.0,3,4,0.75,0.75,False
FC03-Session1-headMic-0276,FC03,control,DARK,NO,1,1,1.0,4,4,1.0,0.5,False
FC03-Session1-headMic-0277,FC03,control,FAT,EOT,1,1,1.0,2,3,0.6666666666666666,1.0,False
FC03-Session1-headMic-0278,FC03,control,HILL,O,1,1,1.0,4,4,1.0,0.25,False
FC03-Session1-headMic-0279,FC03,control,HITTING,AIE,1,1,1.0,6,7,0.8571428571428571,0.42857142857142855,False
FC03-Session1-headMic-0280,FC03,control,PIT,AIT,1,1,1.0,1,3,0.3333333333333333,1.0,False
FC03-Session1-headMic-0281,FC03,control,KITTEN,TEAT,1,1,1.0,5,6,0.8333333333333334,0.6666666666666666,False
FC03-Session1-headMic-0282,FC03,control,THORN,FEA,1,1,1.0,5,5,1.0,0.6,False
FC03-Session1-headMic-0283,FC03,control,IF YOU ARE LOSING WATER REPLACE IT IMMEDIATELY,R   R,8,8,1.0,37,39,0.9487179487179487,0.05128205128205128,False
FC03-Session1-headMic-0284,FC03,control,SEVEN,SIIE,1,1,1.0,3,5,0.6,0.8,False
FC03-Session1-headMic-0285,FC03,control,SPAIN,SE,1,1,1.0,4,5,0.8,0.4,False
FC03-Session1-headMic-0286,FC03,control,STUDENTS WATCHED AS HE GOT OUT,SI O S,6,6,1.0,23,25,0.92,0.16,False
FC03-Session1-headMic-0287,FC03,control,SERGEANT,SEI,1,1,1.0,6,8,0.75,0.375,False
FC03-Session1-headMic-0288,FC03,control,HOTEL,FTT,1,1,1.0,4,5,0.8,0.6,False
FC03-Session1-headMic-0289,FC03,control,WRITTEN,EAE,1,1,1.0,6,7,0.8571428571428571,0.42857142857142855,False
FC03-Session1-headMic-0290,FC03,control,THE DOLPHINS SWAM AROUND OUR BOAT,TOO R,6,6,1.0,24,28,0.8571428571428571,0.14285714285714285,False
FC03-Session1-headMic-0291,FC03,control,LIMA,OON,1,1,1.0,4,4,1.0,0.75,False
FC03-Session1-headMic-0292,FC03,control,HAT,E,1,1,1.0,3,3,1.0,0.3333333333333333,False
FC03-Session1-headMic-0293,FC03,control,TAKE,EIIP,1,1,1.0,4,4,1.0,1.0,False
FC03-Session1-headMic-0294,FC03,control,LEAK,AE,1,1,1.0,3,4,0.75,0.5,False
FC03-Session1-headMic-0295,FC03,control,LAIR,RI,1,1,1.0,3,4,0.75,0.5,False
FC03-Session1-headMic-0296,FC03,control,HE WRAPPED THE PACKAGE HASTILY,S,5,5,1.0,25,26,0.9615384615384616,0.038461538461538464,False
FC03-Session1-headMic-0297,FC03,control,HE WRAPPED THE PACKAGE HASTILY,S,5,5,1.0,25,26,0.9615384615384616,0.038461538461538464,False
FC03-Session1-headMic-0298,FC03,control,NOTHING HAS BEEN DONE YET TO TAKE ADVANTAGE OF THE ENABLING LEGISLATION,A      S,12,12,1.0,58,60,0.9666666666666667,0.03333333333333333,False
FC03-Session1-headMic-0299,FC03,control,PITTING,I,1,1,1.0,6,7,0.8571428571428571,0.14285714285714285,False
FC03-Session1-headMic-0300,FC03,control,WE RODE HORSEBACK TO THE FARM,AL   S     A,6,6,1.0,22,24,0.9166666666666666,0.16666666666666666,False
FC03-Session1-headMic-0301,FC03,control,WHEN ALL ELSE FAILS USE FORCE,S O ES E S R S,7,6,1.1666666666666667,19,24,0.7916666666666666,0.3333333333333333,False
FC03-Session1-headMic-0302,FC03,control,EIGHT,ATF,1,1,1.0,5,5,1.0,0.6,False
FC03-Session1-headMic-0304,FC03,control,DAY AFTER DAY SOME NEW EPISODE IS REPORTED,A,8,8,1.0,34,35,0.9714285714285714,0.02857142857142857,False
FC03-Session1-headMic-0305,FC03,control,AT,EAT,1,1,1.0,1,2,0.5,1.5,False
FC03-Session1-headMic-0306,FC03,control,FIVE,AESSH,1,1,1.0,5,4,1.25,1.25,False
FC03-Session1-headMic-0308,FC03,control,KNITTING,A,1,1,1.0,8,8,1.0,0.125,False
FC03-Session1-headMic-0309,FC03,control,ZERO,CAIR,1,1,1.0,4,4,1.0,1.0,False
FC03-Session1-headMic-0310,FC03,control,HARK,FOROT,1,1,1.0,4,4,1.0,1.25,False
FC03-Session1-headMic-0311,FC03,control,BITTEN,TIAE,1,1,1.0,4,6,0.6666666666666666,0.6666666666666666,False
FC03-Session1-headMic-0312,FC03,control,BOTH INJURIES WERE TO THE SAME LEG,S    R   S  R,7,7,1.0,25,28,0.8928571428571429,0.14285714285714285,False
FC03-Session1-headMic-0313,FC03,control,BIT,AIT,1,1,1.0,1,3,0.3333333333333333,1.0,False
FC03-Session1-headMic-0314,FC03,control,PAPA,ON,1,1,1.0,4,4,1.0,0.5,False
FC03-Session1-headMic-0315,FC03,control,FAT,FRITI,1,1,1.0,3,3,1.0,1.6666666666666667,False
FC03-Session1-headMic-0316,FC03,control,HUM,A,1,1,1.0,3,3,1.0,0.3333333333333333,False
FC03-Session1-headMic-0317,FC03,control,START,SLIT,1,1,1.0,3,5,0.6,0.8,False
FC03-Session1-headMic-0318,FC03,control,ALUMINUM SILVERWARE CAN OFTEN BE FLIMSY,S,6,6,1.0,33,34,0.9705882352941176,0.029411764705882353,False
FC03-Session1-headMic-0319,FC03,control,ALUMINUM SILVERWARE CAN OFTEN BE FLIMSY,R,6,6,1.0,33,34,0.9705882352941176,0.029411764705882353,False
FC03-Session1-headMic-0320,FC03,control,ALUMINUM SILVERWARE CAN OFTEN BE FLIMSY,R   L,6,6,1.0,32,34,0.9411764705882353,0.058823529411764705,False
FC03-Session1-headMic-0321,FC03,control,SWING YOUR ARM AS HIGH AS YOU CAN,R     S   S,8,8,1.0,23,26,0.8846153846153846,0.11538461538461539,False
FC03-Session1-headMic-0322,FC03,control,A ROLL OF WIRE LAY NEAR THE WALL,OR A,8,8,1.0,22,25,0.88,0.12,False
FC03-Session1-headMic-0323,FC03,control,IT EVENTUALLY BECAME A RATHER PROUD CLAIM,R R,7,7,1.0,33,35,0.9428571428571428,0.05714285714285714,False
FC03-Session1-headMic-0324,FC03,control,PIT,C,1,1,1.0,3,3,1.0,0.3333333333333333,False
FC03-Session1-headMic-0325,FC03,control,YES,EAES,1,1,1.0,2,3,0.6666666666666666,1.3333333333333333,False
FC03-Session1-headMic-0326,FC03,control,CHOP,SA,1,1,1.0,4,4,1.0,0.5,False
FC03-Session1-headMic-0327,FC03,control,HARP,SEORT,1,1,1.0,4,4,1.0,1.25,False
FC03-Session1-headMic-0328,FC03,control,BEFORE THURSDAY'S EXAM REVIEW EVERY FORMULA,S S S,6,6,1.0,36,38,0.9473684210526315,0.07894736842105263,False
FC03-Session1-headMic-0329,FC03,control,LEAK,ITPS,1,1,1.0,4,4,1.0,1.0,False
FC03-Session1-headMic-0330,FC03,control,IT WAS A GOOD WIN FOR US,L   OL S,7,7,1.0,16,18,0.8888888888888888,0.2222222222222222,False
FC03-Session1-headMic-0331,FC03,control,IT WAS A GOOD WIN FOR US,S  S,7,7,1.0,16,18,0.8888888888888888,0.1111111111111111,False
FC03-Session1-headMic-0332,FC03,control,ALIMONY HARMS A DIVORCED MAN'S WEALTH,S,6,6,1.0,31,32,0.96875,0.03125,False
FC03-Session1-headMic-0333,FC03,control,AND,TIEH,1,1,1.0,4,3,1.3333333333333333,1.3333333333333333,False
FC03-Session1-headMic-0334,FC03,control,MUCH,SE,1,1,1.0,4,4,1.0,0.5,False
FC03-Session1-headMic-0335,FC03,control,LEAGUE,ATSE,1,1,1.0,4,6,0.6666666666666666,0.6666666666666666,False
FC03-Session1-headMic-0336,FC03,control,SPLIT,FE,1,1,1.0,5,5,1.0,0.4,False
FC03-Session1-headMic-0337,FC03,control,SPIT,SII,1,1,1.0,2,4,0.5,0.75,False
FC03-Session1-headMic-0338,FC03,control,BRAWN,ROEE,1,1,1.0,4,5,0.8,0.8,False
FC03-Session1-headMic-0339,FC03,control,BARN,LIT,1,1,1.0,4,4,1.0,0.75,False
FC03-Session1-headMic-0340,FC03,control,LICK,FORO,1,1,1.0,4,4,1.0,1.0,False
FC03-Session1-headMic-0341,FC03,control,THE JOB PROVIDES MANY BENEFITS,S,5,5,1.0,25,26,0.9615384615384616,0.038461538461538464,False
FC03-Session1-headMic-0342,FC03,control,THE MUSEUM HIRES MUSICIANS EVERY EVENING,S,6,6,1.0,34,35,0.9714285714285714,0.02857142857142857,False
FC03-Session1-headMic-0345,FC03,control,HE FURTHER PROPOSED GRANTS OF AN UNSPECIFIED SUM FOR EXPERIMENTAL HOSPITALS,S           S     S,11,11,1.0,62,65,0.9538461538461539,0.046153846153846156,False
FC03-Session1-headMic-0346,FC03,control,VAT,E,1,1,1.0,3,3,1.0,0.3333333333333333,False
FC03-Session1-headMic-0347,FC03,control,HEART,FATT,1,1,1.0,3,5,0.6,0.8,False
FC03-Session1-headMic-0348,FC03,control,TOP,O,1,1,1.0,2,3,0.6666666666666666,0.3333333333333333,False
FC03-Session1-headMic-0349,FC03,control,SELL,SAR,1,1,1.0,3,4,0.75,0.75,False
FC03-Session1-headMic-0350,FC03,control,REEK,LAET,1,1,1.0,3,4,0.75,1.0,False
FC03-Session1-headMic-0351,FC03,control,HEM,E,1,1,1.0,2,3,0.6666666666666666,0.3333333333333333,False
FC03-Session1-headMic-0352,FC03,control,THERE IS A TREEHOUSE UP ABOVE,S     S,6,6,1.0,22,24,0.9166666666666666,0.08333333333333333,False
FC03-Session1-headMic-0353,FC03,control,THIS IS A PERIOD OF TRANSITION FOR ME,S S,8,8,1.0,28,30,0.9333333333333333,0.06666666666666667,False
FC03-Session1-headMic-0354,FC03,control,SIX,SETS,1,1,1.0,3,3,1.0,1.3333333333333333,False
FC03-Session1-headMic-0355,FC03,control,THIS IS NOT A PROGRAM OF SOCIALIZED MEDICINE,S,8,8,1.0,36,37,0.972972972972973,0.02702702702702703,False
FC03-Session1-headMic-0356,FC03,control,THIS IS NOT A PROGRAM OF SOCIALIZED MEDICINE,T  S   S,8,8,1.0,34,37,0.918918918918919,0.08108108108108109,False
FC03-Session1-headMic-0357,FC03,control,WITTY,RHAIT,1,1,1.0,5,5,1.0,1.0,False
FC03-Session1-headMic-0358,FC03,control,NINE,ARE,1,1,1.0,3,4,0.75,0.75,False
FC03-Session1-headMic-0359,FC03,control,FOXTROT,FSROI,1,1,1.0,4,7,0.5714285714285714,0.7142857142857143,False
FC03-Session1-headMic-0361,FC03,control,QUEBEC,T,1,1,1.0,6,6,1.0,0.16666666666666666,False
FC03-Session1-headMic-0362,FC03,control,SIGN,SIL,1,1,1.0,2,4,0.5,0.75,False
FC03-Session1-headMic-0363,FC03,control,GOLF,OS,1,1,1.0,3,4,0.75,0.5,False
FC03-Session1-headMic-0364,FC03,control,SITTING,SE,1,1,1.0,6,7,0.8571428571428571,0.2857142857142857,False
FC03-Session1-headMic-0365,FC03,control,LOYAL,FIR,1,1,1.0,5,5,1.0,0.6,False
FC03-Session1-headMic-0366,FC03,control,MUSH,EESH,1,1,1.0,2,4,0.5,1.0,False
FC03-Session1-headMic-0367,FC03,control,NIGHT AFTER NIGHT THEY RECEIVED ANNOYING PHONE CALLS,S,8,8,1.0,44,45,0.9777777777777777,0.022222222222222223,False
FC03-Session1-headMic-0368,FC03,control,DART,EAT,1,1,1.0,2,4,0.5,0.75,False
FC03-Session1-headMic-0369,FC03,control,THE BOOKS ARE VERY EXPENSIVE,S L  S,5,5,1.0,22,24,0.9166666666666666,0.125,False
FC03-Session1-headMic-0370,FC03,control,HIM,AE,1,1,1.0,3,3,1.0,0.6666666666666666,False
FC03-Session1-headMic-0371,FC03,control,MITTEN,TRD,1,1,1.0,5,6,0.8333333333333334,0.5,False
FC03-Session1-headMic-0372,FC03,control,SHE WORE WARM FLEECY WOOLEN OVERALLS,R R S,6,6,1.0,28,31,0.9032258064516129,0.0967741935483871,False
FC03-Session1-headMic-0373,FC03,control,IT ALSO PROVIDES FOR FUNDS TO CLEAR SLUMS AND HELP COLLEGES BUILD DORMITORIES,S    R    S,13,13,1.0,62,65,0.9538461538461539,0.046153846153846156,False
FC03-Session1-headMic-0374,FC03,control,IT ALSO PROVIDES FOR FUNDS TO CLEAR SLUMS AND HELP COLLEGES BUILD DORMITORIES,S    S,13,13,1.0,63,65,0.9692307692307692,0.03076923076923077,False
FC03-Session1-headMic-0375,FC03,control,TELL,OR,1,1,1.0,4,4,1.0,0.5,False
FC03-Session1-headMic-0376,FC03,control,CAKE,HAT,1,1,1.0,3,4,0.75,0.75,False
FC03-Session1-headMic-0377,FC03,control,ECHO,E,1,1,1.0,3,4,0.75,0.25,False
FC03-Session1-headMic-0378,FC03,control,AT,E,1,1,1.0,2,2,1.0,0.5,False
FC03-Session1-headMic-0379,FC03,control,SHY,SIET,1,1,1.0,3,3,1.0,1.3333333333333333,False
FC03-Session1-headMic-0380,FC03,control,BLOAT,ET,1,1,1.0,4,5,0.8,0.4,False
FC03-Session1-headMic-0381,FC03,control,SEED,SE,1,1,1.0,2,4,0.5,0.5,False
FC03-Session1-headMic-0382,FC03,control,BROUGHT,ER,1,1,1.0,6,7,0.8571428571428571,0.2857142857142857,False
FC03-Session1-headMic-0383,FC03,control,I HAVE HAD MY BELL RUNG,O,6,6,1.0,18,18,1.0,0.05555555555555555,False
FC03-Session1-headMic-0384,FC03,control,DARN,OROM,1,1,1.0,4,4,1.0,1.0,False
FC03-Session1-headMic-0385,FC03,control,I EXPECT WE'LL BOUNCE BACK THIS WEEK,S  S     S,7,7,1.0,29,30,0.9666666666666667,0.1,False
FC03-Session1-headMic-0386,FC03,control,NOVEMBER,,1,1,1.0,8,8,1.0,0.0,True
FC03-Session1-headMic-0387,FC03,control,JULIET,SA,1,1,1.0,6,6,1.0,0.3333333333333333,False
FC03-Session1-headMic-0388,FC03,control,THOUGHT,FT,1,1,1.0,6,7,0.8571428571428571,0.2857142857142857,False
FC03-Session1-headMic-0389,FC03,control,CART,PAT,1,1,1.0,2,4,0.5,0.75,False
FC03-Session1-headMic-0390,FC03,control,PARK,A,1,1,1.0,3,4,0.75,0.25,False
FC03-Session1-headMic-0391,FC03,control,SEEDS,SIAE,1,1,1.0,4,5,0.8,0.8,False
FC03-Session1-headMic-0392,FC03,control,CITY,SE,1,1,1.0,4,4,1.0,0.5,False
FC03-Session1-headMic-0393,FC03,control,CARL LIVES IN A LIVELY HOME,,6,6,1.0,22,22,1.0,0.0,True
FC03-Session1-headMic-0394,FC03,control,OSCAR,RTA,1,1,1.0,4,5,0.8,0.6,False
FC03-Session1-headMic-0395,FC03,control,MIKE,O,1,1,1.0,4,4,1.0,0.25,False
FC03-Session1-headMic-0396,FC03,control,THE LITTLE SCHOOLHOUSE STOOD EMPTY,L L  T,5,5,1.0,27,30,0.9,0.1,False
FC03-Session1-headMic-0397,FC03,control,WITCH,LOSI,1,1,1.0,5,5,1.0,0.8,False
FC03-Session1-headMic-0398,FC03,control,SIDE,SROLO,1,1,1.0,4,4,1.0,1.25,False
FC03-Session1-headMic-0399,FC03,control,SPARK,SL,1,1,1.0,4,5,0.8,0.4,False
FC03-Session1-headMic-0400,FC03,control,PRETTY,HAAE,1,1,1.0,6,6,1.0,0.6666666666666666,False
FC03-Session1-headMic-0401,FC03,control,THE MISGUIDED SOULS HAVE LOST THEIR WAY,S  S  A,7,7,1.0,30,33,0.9090909090909091,0.09090909090909091,False
FC03-Session1-headMic-0402,FC03,control,BLOW,ETL,1,1,1.0,4,4,1.0,0.75,False
FC03-Session1-headMic-0403,FC03,control,HIM,E,1,1,1.0,3,3,1.0,0.3333333333333333,False
FC03-Session1-headMic-0404,FC03,control,NO,FEL,1,1,1.0,3,2,1.5,1.5,False
FC03-Session1-headMic-0405,FC03,control,KILO,FOAR,1,1,1.0,4,4,1.0,1.0,False
FC03-Session2-headMic-0001,FC03,control,THE HOTEL OWNER STRUGGLED,OR  S,4,4,1.0,19,22,0.8636363636363636,0.13636363636363635,False
FC03-Session2-headMic-0002,FC03,control,THE HOTEL OWNER SHRUGGED,O,4,4,1.0,20,21,0.9523809523809523,0.047619047619047616,False
FC03-Session2-headMic-0003,FC03,control,LITTER,T,1,1,1.0,5,6,0.8333333333333334,0.16666666666666666,False
FC03-Session2-headMic-0004,FC03,control,BITTER,A,1,1,1.0,6,6,1.0,0.16666666666666666,False
FC03-Session2-headMic-0005,FC03,control,ALTHOUGH ALWAYS ALONE WE SURVIVE,RLO A,5,5,1.0,25,28,0.8928571428571429,0.14285714285714285,False
FC03-Session2-headMic-0006,FC03,control,THREAD,FROR,1,1,1.0,5,6,0.8333333333333334,0.6666666666666666,False
FC03-Session2-headMic-0007,FC03,control,TIN,EET,1,1,1.0,3,3,1.0,1.0,False
FC03-Session2-headMic-0008,FC03,control,DEAD,AT,1,1,1.0,3,4,0.75,0.5,False
FC03-Session2-headMic-0009,FC03,control,PEOPLE WHO VALUE THEMSELVES ARE LIFE'S WINNERS,S,7,7,1.0,39,40,0.975,0.025,False
FC03-Session2-headMic-0010,FC03,control,WALK,AT,1,1,1.0,3,4,0.75,0.5,False
FC03-Session2-headMic-0011,FC03,control,THE WAIT FOR WORK CAN BE VERY LONG,S AR R,8,8,1.0,24,27,0.8888888888888888,0.14814814814814814,False
FC03-Session2-headMic-0012,FC03,control,HAND,E,1,1,1.0,4,4,1.0,0.25,False
FC03-Session2-headMic-0013,FC03,control,HE REALLY CRUCIFIED HIMSELF HE NAILED IT FOR A YARD LOSS,S    S,11,11,1.0,44,46,0.9565217391304348,0.043478260869565216,False
FC03-Session2-headMic-0014,FC03,control,HE REALLY CRUCIFIED HIM HE NAILED IT FOR A YARD LOSS,S   O S,11,11,1.0,40,42,0.9523809523809523,0.07142857142857142,False
FC03-Session2-headMic-0015,FC03,control,PLEASE OPEN THE WINDOW QUICKLY,,5,5,1.0,26,26,1.0,0.0,True
FC03-Session2-headMic-0016,FC03,control,TICKER,RET,1,1,1.0,5,6,0.8333333333333334,0.5,False
FC03-Session2-headMic-0017,FC03,control,LITTER,RAALAD,1,1,1.0,6,6,1.0,1.0,False
FC03-Session2-headMic-0018,FC03,control,YOU CAN RIDE STAGECOACH,,4,4,1.0,20,20,1.0,0.0,True
FC03-Session2-headMic-0020,FC03,control,AND,TET,1,1,1.0,3,3,1.0,1.0,False
FC03-Session2-headMic-0021,FC03,control,HAND,RAE,1,1,1.0,3,4,0.75,0.75,False
FC03-Session2-headMic-0022,FC03,control,IT'S FUN TO ROAST MARSHMALLOWS ON A GAS BURNER,,9,9,1.0,38,38,1.0,0.0,True
FC03-Session2-headMic-0023,FC03,control,QUICKER,DRIR,1,1,1.0,5,7,0.7142857142857143,0.5714285714285714,False
FC03-Session2-headMic-0024,FC03,control,BED,HAH,1,1,1.0,3,3,1.0,1.0,False
FC03-Session2-headMic-0025,FC03,control,THEN WE'D REALLY HAVE SOMEPLACE TO GO,L,7,7,1.0,30,31,0.967741935483871,0.03225806451612903,False
FC03-Session2-headMic-0026,FC03,control,LEFT,ILES,1,1,1.0,3,4,0.75,1.0,False
FC03-Session2-headMic-0027,FC03,control,SING,IT,1,1,1.0,3,4,0.75,0.5,False
FC03-Session2-headMic-0028,FC03,control,TRAVEL IS ABOUT THE ONLY LEISURE WE HAVE,R      A A AA A S,8,8,1.0,29,33,0.8787878787878788,0.21212121212121213,False
FC03-Session2-headMic-0029,FC03,control,THIS IS A GOOD PLACE THOUGH SMALL,S,7,7,1.0,26,27,0.9629629629629629,0.037037037037037035,False
FC03-Session2-headMic-0030,FC03,control,SHELL,AOL,1,1,1.0,4,5,0.8,0.6,False
FC03-Session2-headMic-0031,FC03,control,WHISKY,THLI,1,1,1.0,5,6,0.8333333333333334,0.6666666666666666,False
FC03-Session2-headMic-0032,FC03,control,NOD,O,1,1,1.0,2,3,0.6666666666666666,0.3333333333333333,False
FC03-Session2-headMic-0033,FC03,control,NEST,IT,1,1,1.0,3,4,0.75,0.5,False
FC03-Session2-headMic-0034,FC03,control,NICE,EAE,1,1,1.0,3,4,0.75,0.75,False
FC03-Session2-headMic-0035,FC03,control,NUT,OT,1,1,1.0,2,3,0.6666666666666666,0.6666666666666666,False
FC03-Session2-headMic-0036,FC03,control,ROCK,L,1,1,1.0,4,4,1.0,0.25,False
FC03-Session2-headMic-0037,FC03,control,SINK,SIP,1,1,1.0,2,4,0.5,0.75,False
FC03-Session2-headMic-0038,FC03,control,SAID,SA,1,1,1.0,2,4,0.5,0.5,False
FC03-Session2-headMic-0039,FC03,control,SAID,I,1,1,1.0,3,4,0.75,0.25,False
FC03-Session2-headMic-0040,FC03,control,TANGO,I,1,1,1.0,5,5,1.0,0.2,False
FC03-Session2-headMic-0041,FC03,control,SIP,IA,1,1,1.0,2,3,0.6666666666666666,0.6666666666666666,False
FC03-Session2-headMic-0042,FC03,control,WICKER,SAT,1,1,1.0,6,6,1.0,0.5,False
FC03-Session2-headMic-0043,FC03,control,SHIP,S,1,1,1.0,3,4,0.75,0.25,False
FC03-Session2-headMic-0044,FC03,control,WIT,ET,1,1,1.0,2,3,0.6666666666666666,0.6666666666666666,False
FC03-Session2-headMic-0045,FC03,control,DID DAD DO ACADEMIC BIDDING,O,5,5,1.0,22,23,0.9565217391304348,0.043478260869565216,False
FC03-Session2-headMic-0046,FC03,control,BREAD,IIT,1,1,1.0,5,5,1.0,0.6,False
FC03-Session2-headMic-0047,FC03,control,NED,LHA,1,1,1.0,3,3,1.0,1.0,False
FC03-Session2-headMic-0048,FC03,control,DREAD,E,1,1,1.0,4,5,0.8,0.2,False
FC03-Session2-headMic-0049,FC03,control,ROCK,A,1,1,1.0,4,4,1.0,0.25,False
FC03-Session2-headMic-0050,FC03,control,FLICKER,SFAHIT,1,1,1.0,7,7,1.0,0.8571428571428571,False
FC03-Session2-headMic-0051,FC03,control,BEING ABLE TO DANCE CAN HELP TOO,H,7,7,1.0,25,26,0.9615384615384616,0.038461538461538464,False
FC03-Session2-headMic-0052,FC03,control,WE HAVE AN EXCELLENT TEAM,,5,5,1.0,21,21,1.0,0.0,True
FC03-Session2-headMic-0053,FC03,control,KNOT,EO,1,1,1.0,3,4,0.75,0.5,False
FC03-Session2-headMic-0054,FC03,control,DRESS,RIS,1,1,1.0,3,5,0.6,0.6,False
FC03-Session2-headMic-0055,FC03,control,SOME HOTELS ARE AVAILABLE NEARBY,R  L,5,5,1.0,26,28,0.9285714285714286,0.07142857142857142,False
FC03-Session2-headMic-0056,FC03,control,IN,EAE,1,1,1.0,3,2,1.5,1.5,False
FC03-Session2-headMic-0057,FC03,control,SAND,FEE,1,1,1.0,4,4,1.0,0.75,False
FC03-Session2-headMic-0058,FC03,control,SLICKER,CO,1,1,1.0,6,7,0.8571428571428571,0.2857142857142857,False
FC03-Session2-headMic-0059,FC03,control,FOUR,SREE,1,1,1.0,4,4,1.0,1.0,False
FC03-Session2-headMic-0060,FC03,control,I'M WILLING TO EXPERIMENT FOR THE FIRST TIME,S R,8,8,1.0,36,37,0.972972972972973,0.05405405405405406,False
FC03-Session2-headMic-0061,FC03,control,UNIFORM,ITORR,1,1,1.0,4,7,0.5714285714285714,0.7142857142857143,False
FC03-Session2-headMic-0062,FC03,control,LIQUOR,IAR,1,1,1.0,4,6,0.6666666666666666,0.5,False
FC03-Session2-headMic-0063,FC03,control,WITCH,EPS,1,1,1.0,5,5,1.0,0.6,False
FC03-Session2-headMic-0064,FC03,control,ONE,EOE,1,1,1.0,2,3,0.6666666666666666,1.0,False
FC03-Session2-headMic-0065,FC03,control,ONLY LAWYERS LOVE MILLIONAIRES,R A       S,4,4,1.0,24,27,0.8888888888888888,0.1111111111111111,False
FC03-Session2-headMic-0067,FC03,control,SIERRA,SHL,1,1,1.0,5,6,0.8333333333333334,0.5,False
FC03-Session2-headMic-0068,FC03,control,REST,IS,1,1,1.0,3,4,0.75,0.5,False
FC03-Session2-headMic-0069,FC03,control,SIN,SIAT,1,1,1.0,2,3,0.6666666666666666,1.3333333333333333,False
FC03-Session2-headMic-0070,FC03,control,NO,NEA,1,1,1.0,2,2,1.0,1.5,False
FC03-Session2-headMic-0071,FC03,control,KNOT,A,1,1,1.0,4,4,1.0,0.25,False
FC03-Session2-headMic-0072,FC03,control,DOWN,EARLOIE,1,1,1.0,6,4,1.5,1.75,False
FC03-Session2-headMic-0073,FC03,control,DICE,ES,1,1,1.0,4,4,1.0,0.5,False
FC03-Session2-headMic-0074,FC03,control,HIM,FTAN,1,1,1.0,4,3,1.3333333333333333,1.3333333333333333,False
FC03-Session2-headMic-0075,FC03,control,VICTOR,ET,1,1,1.0,5,6,0.8333333333333334,0.3333333333333333,False
FC03-Session2-headMic-0076,FC03,control,RED,OOT,1,1,1.0,3,3,1.0,1.0,False
FC03-Session2-headMic-0077,FC03,control,SICKER,IA,1,1,1.0,5,6,0.8333333333333334,0.3333333333333333,False
FC03-Session2-headMic-0078,FC03,control,MEAT,TIETT,1,1,1.0,3,4,0.75,1.25,False
FC03-Session2-headMic-0079,FC03,control,CHIP,AA,1,1,1.0,4,4,1.0,0.5,False
FC03-Session2-headMic-0080,FC03,control,SIT,SIEIP,1,1,1.0,3,3,1.0,1.6666666666666667,False
FC03-Session2-headMic-0081,FC03,control,HAM,ERE,1,1,1.0,3,3,1.0,1.0,False
FC03-Session2-headMic-0082,FC03,control,SHOOT,FA,1,1,1.0,5,5,1.0,0.4,False
FC03-Session2-headMic-0083,FC03,control,A,AO,1,1,1.0,1,1,1.0,2.0,False
FC03-Session2-headMic-0084,FC03,control,WICKED,IET,1,1,1.0,4,6,0.6666666666666666,0.5,False
FC03-Session2-headMic-0085,FC03,control,FORK,SIH,1,1,1.0,4,4,1.0,0.75,False
FC03-Session2-headMic-0086,FC03,control,YANKEE,LTEE,1,1,1.0,4,6,0.6666666666666666,0.6666666666666666,False
FC03-Session2-headMic-0087,FC03,control,YES,ES,1,1,1.0,1,3,0.3333333333333333,0.6666666666666666,False
FC03-Session2-headMic-0088,FC03,control,UP,OT,1,1,1.0,2,2,1.0,1.0,False
FC03-Session2-headMic-0089,FC03,control,TWO,,1,1,1.0,3,3,1.0,0.0,True
FC03-Session2-headMic-0090,FC03,control,HE TOOK ME OUT ONE DAY,FROO,6,6,1.0,15,17,0.8823529411764706,0.23529411764705882,False
FC03-Session2-headMic-0091,FC03,control,ZIP,SI,1,1,1.0,2,3,0.6666666666666666,0.6666666666666666,False
FC03-Session2-headMic-0092,FC03,control,ROMEO,FL,1,1,1.0,5,5,1.0,0.4,False
FC03-Session2-headMic-0093,FC03,control,SIN,SA,1,1,1.0,2,3,0.6666666666666666,0.6666666666666666,False
FC03-Session2-headMic-0094,FC03,control,WHITE CAPPED WAVES COVERED THE ENTIRE BAY,A  A,7,7,1.0,33,35,0.9428571428571428,0.05714285714285714,False
FC03-Session2-headMic-0095,FC03,control,EACH ONE VOLUNTEERED TO JUMP FIRST,S,6,6,1.0,28,29,0.9655172413793104,0.034482758620689655,False
FC03-Session2-headMic-0096,FC03,control,HE IS DEFINITELY A NOTCH ABOVE US,S        S,7,7,1.0,25,27,0.9259259259259259,0.07407407407407407,False
FC03-Session2-headMic-0097,FC03,control,HELP GREG TO PICK A PECK OF POTATOES,S,8,8,1.0,28,29,0.9655172413793104,0.034482758620689655,False
FC03-Session2-headMic-0098,FC03,control,WE BOUGHT A BROWN CHAIR,,5,5,1.0,19,19,1.0,0.0,True
FC03-Session2-headMic-0099,FC03,control,YOU WANT HIM TO DO WELL,R,6,6,1.0,18,18,1.0,0.05555555555555555,False
FC03-Session2-headMic-0101,FC03,control,THE PAIR OF SHOES WAS NEW,E L S,6,6,1.0,18,20,0.9,0.15,False
FC03-Session2-headMic-0102,FC03,control,BEG THAT GUARD FOR ONE GALLON OF GAS,S,8,8,1.0,28,29,0.9655172413793104,0.034482758620689655,False
FC03-Session2-headMic-0103,FC03,control,X RAY,AT,2,2,1.0,3,4,0.75,0.5,False
FC03-Session2-headMic-0104,FC03,control,GET A CALICO CAT TO KEEP,IS,6,6,1.0,18,19,0.9473684210526315,0.10526315789473684,False
FC03-Session2-headMic-0105,FC03,control,SELL,SIA,1,1,1.0,3,4,0.75,0.75,False
FC03-Session2-headMic-0106,FC03,control,SITTER,FO,1,1,1.0,6,6,1.0,0.3333333333333333,False
FC03-Session2-headMic-0107,FC03,control,MOST YOUNG RISE EARLY EVERY MORNING,,6,6,1.0,30,30,1.0,0.0,True
FC03-Session2-headMic-0108,FC03,control,THOSE MUSICIANS HARMONIZE MARVELOUSLY,R,4,4,1.0,33,34,0.9705882352941176,0.029411764705882353,False
FC03-Session2-headMic-0109,FC03,control,THOSE MUSICIANS HARMONIZE MARVELOUSLY,R,4,4,1.0,33,34,0.9705882352941176,0.029411764705882353,False
FC03-Session2-headMic-0110,FC03,control,ZULU,RO,1,1,1.0,4,4,1.0,0.5,False
FC03-Session2-headMic-0111,FC03,control,NOBODY REALLY EXPECTS TO EVACUATE,,5,5,1.0,29,29,1.0,0.0,True
FC03-Session2-headMic-0112,FC03,control,SPIT,SIIT,1,1,1.0,1,4,0.25,1.0,False
FC03-Session2-headMic-0113,FC03,control,A GOOD ATTITUDE IS UNBEATABLE,L  A,5,5,1.0,24,25,0.96,0.08,False
FC03-Session2-headMic-0114,FC03,control,THE PROSPECT OF CUTTING BACK SPENDING IS AN UNPLEASANT ONE FOR ANY GOVERNOR,,13,13,1.0,63,63,1.0,0.0,True
FC03-Session2-headMic-0115,FC03,control,RIGHT,RET,1,1,1.0,3,5,0.6,0.6,False
FC03-Session2-headMic-0116,FC03,control,LOCK,,1,1,1.0,4,4,1.0,0.0,True
FC03-Session2-headMic-0117,FC03,control,NEAT,ET,1,1,1.0,2,4,0.5,0.5,False
FC03-Session2-headMic-0118,FC03,control,BEST,LIS,1,1,1.0,3,4,0.75,0.75,False
FC03-Session2-headMic-0119,FC03,control,SHEET,SIETT,1,1,1.0,2,5,0.4,1.0,False
FC03-Session2-headMic-0120,FC03,control,NIGHT,TST,1,1,1.0,4,5,0.8,0.6,False
FC03-Session2-headMic-0121,FC03,control,SHRED,AAL,1,1,1.0,5,5,1.0,0.6,False
FC03-Session2-headMic-0122,FC03,control,THREAD,SRIAT,1,1,1.0,4,6,0.6666666666666666,0.8333333333333334,False
FC03-Session2-headMic-0123,FC03,control,ETIQUETTE MANDATES COMPLIANCE WITH EXISTING REGULATIONS,R          S,6,6,1.0,48,50,0.96,0.04,False
FC03-Session2-headMic-0124,FC03,control,ETIQUETTE MANDATES COMPLIANCE WITH EXISTING REGULATIONS,,6,6,1.0,50,50,1.0,0.0,True
FC03-Session2-headMic-0125,FC03,control,BLEND,RE,1,1,1.0,4,5,0.8,0.4,False
FC03-Session2-headMic-0126,FC03,control,YOUNG PEOPLE PARTICIPATE IN ATHLETIC ACTIVITIES,,6,6,1.0,42,42,1.0,0.0,True
FC03-Session2-headMic-0127,FC03,control,BEND,EO,1,1,1.0,3,4,0.75,0.5,False
FC03-Session2-headMic-0128,FC03,control,LIFE IS SHORT AND PRECIOUS,S   A A S,5,5,1.0,19,22,0.8636363636363636,0.18181818181818182,False
FC03-Session2-headMic-0129,FC03,control,IN FACT OUR WHOLE DEFENSIVE UNIT DID A GOOD JOB,R,10,10,1.0,37,38,0.9736842105263158,0.02631578947368421,False
FC03-Session2-headMic-0130,FC03,control,CRITICAL EQUIPMENT NEEDS PROPER MAINTENANCE,,5,5,1.0,39,39,1.0,0.0,True
FC03-Session2-headMic-0131,FC03,control,GEESE,ES,1,1,1.0,3,5,0.6,0.4,False
FC03-Session2-headMic-0132,FC03,control,WRITE,IEP,1,1,1.0,4,5,0.8,0.6,False
FC03-Session2-headMic-0133,FC03,control,QUART,TIT,1,1,1.0,4,5,0.8,0.6,False
FC03-Session2-headMic-0134,FC03,control,WHO KNOWS WHAT YOU'LL DISCOVER ABOUT YOURSELF,O,7,7,1.0,38,39,0.9743589743589743,0.02564102564102564,False
FC03-Session2-headMic-0135,FC03,control,IN,TIAT,1,1,1.0,3,2,1.5,2.0,False
FC03-Session2-headMic-0136,FC03,control,THREE,EAT,1,1,1.0,5,5,1.0,0.6,False
FC03-Session2-headMic-0137,FC03,control,GEESE,DSIES,1,1,1.0,4,5,0.8,1.0,False
FC03-Session2-headMic-0138,FC03,control,CASH,RES,1,1,1.0,3,4,0.75,0.75,False
FC03-Session2-headMic-0139,FC03,control,DILL,TA,1,1,1.0,4,4,1.0,0.5,False
FC03-Session2-headMic-0140,FC03,control,I THINK I'M FULL OF THIS STUFF,R   S,7,7,1.0,23,24,0.9583333333333334,0.08333333333333333,False
FC03-Session2-headMic-0141,FC03,control,THE LITTLE GIRLS CUT LACY VALENTINES,R S,6,6,1.0,29,31,0.9354838709677419,0.06451612903225806,False
FC03-Session2-headMic-0142,FC03,control,GOAT,ET,1,1,1.0,3,4,0.75,0.5,False
FC03-Session2-headMic-0143,FC03,control,WEEP,AR,1,1,1.0,4,4,1.0,0.5,False
FC03-Session2-headMic-0146,FC03,control,THE RESULTS WERE VERY DISAPPOINTING,,5,5,1.0,31,31,1.0,0.0,True
FC03-Session2-headMic-0147,FC03,control,FOUR,FST,1,1,1.0,3,4,0.75,0.75,False
FC03-Session2-headMic-0148,FC03,control,DO THEY MAKE ANY MONEY,IEA,5,5,1.0,16,18,0.8888888888888888,0.16666666666666666,False
FC03-Session2-headMic-0149,FC03,control,RAY,RAT,1,1,1.0,1,3,0.3333333333333333,1.0,False
FC03-Session2-headMic-0150,FC03,control,SIDE,S,1,1,1.0,3,4,0.75,0.25,False
FC03-Session2-headMic-0151,FC03,control,SEW,TIOIO,1,1,1.0,5,3,1.6666666666666667,1.6666666666666667,False
FC03-Session2-headMic-0152,FC03,control,CAKES,ES,1,1,1.0,3,5,0.6,0.4,False
FC03-Session2-headMic-0153,FC03,control,STRETCH,ISP,1,1,1.0,7,7,1.0,0.42857142857142855,False
FC03-Session2-headMic-0154,FC03,control,MUCH,TACE,1,1,1.0,3,4,0.75,1.0,False
FC03-Session2-headMic-0155,FC03,control,TOE,R,1,1,1.0,3,3,1.0,0.3333333333333333,False
FC03-Session2-headMic-0157,FC03,control,MEATS,IT,1,1,1.0,4,5,0.8,0.4,False
FC03-Session2-headMic-0158,FC03,control,SHE DOESN'T LIKE TO HAVE IT HANGING AROUND,R,8,8,1.0,34,35,0.9714285714285714,0.02857142857142857,False
FC03-Session2-headMic-0159,FC03,control,THERE IS DEFINITELY SOME LIGAMENT DAMAGE IN HIS KNEE,OR A,9,9,1.0,42,44,0.9545454545454546,0.06818181818181818,False
FC03-Session2-headMic-0160,FC03,control,RAKE,EEF,1,1,1.0,4,4,1.0,0.75,False
FC03-Session2-headMic-0161,FC03,control,MILL,ETD,1,1,1.0,4,4,1.0,0.75,False
FC03-Session2-headMic-0162,FC03,control,SHOOT,TI,1,1,1.0,5,5,1.0,0.4,False
FC03-Session2-headMic-0163,FC03,control,CHEER,I,1,1,1.0,5,5,1.0,0.2,False
FC03-Session2-headMic-0164,FC03,control,COURT,ATE,1,1,1.0,5,5,1.0,0.6,False
FC03-Session2-headMic-0165,FC03,control,RAKE,ET,1,1,1.0,4,4,1.0,0.5,False
FC03-Session2-headMic-0166,FC03,control,SEE,FSIE,1,1,1.0,2,3,0.6666666666666666,1.3333333333333333,False
FC03-Session2-headMic-0167,FC03,control,SHIN,SSIT,1,1,1.0,2,4,0.5,1.0,False
FC03-Session2-headMic-0168,FC03,control,HE PLAYED BASKETBALL THERE WHILE WORKING TOWARD A LAW DEGREE,S      R,10,10,1.0,49,51,0.9607843137254902,0.0392156862745098,False
FC03-Session2-headMic-0169,FC03,control,OLD,O,1,1,1.0,2,3,0.6666666666666666,0.3333333333333333,False
FC03-Session2-headMic-0170,FC03,control,SHEET,IE,1,1,1.0,4,5,0.8,0.4,False
FC03-Session2-headMic-0171,FC03,control,CORK,OT,1,1,1.0,3,4,0.75,0.5,False
FC03-Session2-headMic-0172,FC03,control,STIMULATING DISCUSSIONS KEEP STUDENTS' ATTENTION,S,5,5,1.0,43,44,0.9772727272727273,0.022727272727272728,False
FC03-Session2-headMic-0173,FC03,control,SIN,FHAEA,1,1,1.0,5,3,1.6666666666666667,1.6666666666666667,False
FC03-Session2-headMic-0174,FC03,control,SKETCH,AIS,1,1,1.0,6,6,1.0,0.5,False
FC03-Session2-headMic-0175,FC03,control,THE FISH SWAM ACROSS THE POND,S OR    R,6,6,1.0,22,24,0.9166666666666666,0.16666666666666666,False
FC03-Session2-headMic-0176,FC03,control,FOE,FTOL,1,1,1.0,2,3,0.6666666666666666,1.3333333333333333,False
FC03-Session2-headMic-0177,FC03,control,SEW,FFRIA,1,1,1.0,5,3,1.6666666666666667,1.6666666666666667,False
FC03-Session2-headMic-0178,FC03,control,HELP CELEBRATE YOUR BROTHER'S SUCCESS,AHARAS,5,5,1.0,29,33,0.8787878787878788,0.18181818181818182,False
FC03-Session2-headMic-0179,FC03,control,RID,FRI,1,1,1.0,2,3,0.6666666666666666,1.0,False
FC03-Session2-headMic-0180,FC03,control,SNORT,SRT,1,1,1.0,2,5,0.4,0.6,False
FC03-Session2-headMic-0181,FC03,control,COCONUT CREAM PIE MAKES A NICE DESSERT,,7,7,1.0,32,32,1.0,0.0,True
FC03-Session2-headMic-0182,FC03,control,SORT,HIAT,1,1,1.0,3,4,0.75,1.0,False
FC03-Session2-headMic-0183,FC03,control,BILL,OL,1,1,1.0,3,4,0.75,0.5,False
FC03-Session2-headMic-0184,FC03,control,HEAT,SU,1,1,1.0,4,4,1.0,0.5,False
FC03-Session2-headMic-0185,FC03,control,YES,EET,1,1,1.0,2,3,0.6666666666666666,1.0,False
FC03-Session2-headMic-0186,FC03,control,BACK,AT,1,1,1.0,3,4,0.75,0.5,False
FC03-Session2-headMic-0187,FC03,control,DON'T DO CHARLIE'S DIRTY DISHES,LES,5,5,1.0,24,27,0.8888888888888888,0.1111111111111111,False
FC03-Session2-headMic-0188,FC03,control,CHAIR,OT,1,1,1.0,5,5,1.0,0.4,False
FC03-Session2-headMic-0189,FC03,control,MUCK,IT,1,1,1.0,4,4,1.0,0.5,False
FC03-Session2-headMic-0190,FC03,control,WE SELECTED PLACES WHERE FAMILIES WILL BE WELCOME,RO  R,8,8,1.0,40,42,0.9523809523809523,0.07142857142857142,False
FC03-Session2-headMic-0191,FC03,control,SHIP,FEA,1,1,1.0,4,4,1.0,0.75,False
FC03-Session2-headMic-0192,FC03,control,FORWARD,AIAIT,1,1,1.0,6,7,0.8571428571428571,0.7142857142857143,False
FC03-Session2-headMic-0193,FC03,control,SIGHT,FIT,1,1,1.0,3,5,0.6,0.6,False
FC03-Session2-headMic-0194,FC03,control,DEAD,OT,1,1,1.0,4,4,1.0,0.5,False
FC03-Session2-headMic-0195,FC03,control,THERE WAS ONLY ONE DECISION TO BE MADE,L LL   S,8,8,1.0,29,31,0.9354838709677419,0.12903225806451613,False
FC03-Session2-headMic-0196,FC03,control,MEAT,OT,1,1,1.0,3,4,0.75,0.5,False
FC03-Session2-headMic-0197,FC03,control,SUDDENLY MY REFLEXES ARE GONE,O  S,5,5,1.0,24,25,0.96,0.08,False
FC03-Session2-headMic-0198,FC03,control,LEE,EAT,1,1,1.0,3,3,1.0,1.0,False
FC03-Session2-headMic-0199,FC03,control,FORT,FIRT,1,1,1.0,1,4,0.25,1.0,False
FC03-Session2-headMic-0200,FC03,control,SHOW,FRARE,1,1,1.0,5,4,1.25,1.25,False
FC03-Session2-headMic-0201,FC03,control,A QUICK TOUCHDOWN RESULTED,TLFI,4,4,1.0,21,23,0.9130434782608695,0.17391304347826086,False
FC03-Session2-headMic-0202,FC03,control,A QUICK TOUCHDOWN RESULTED,S I,4,4,1.0,22,23,0.9565217391304348,0.08695652173913043,False
FC03-Session2-headMic-0203,FC03,control,RISE,ATT,1,1,1.0,4,4,1.0,0.75,False
FC03-Session2-headMic-0204,FC03,control,PORT,ITHP,1,1,1.0,4,4,1.0,1.0,False
FC03-Session2-headMic-0205,FC03,control,THE FOUR BROTHERS LOOKED IDENTICAL,R O,5,5,1.0,28,30,0.9333333333333333,0.06666666666666667,False
FC03-Session2-headMic-0206,FC03,control,NICE,ES,1,1,1.0,4,4,1.0,0.5,False
FC03-Session2-headMic-0207,FC03,control,WISE,LIT,1,1,1.0,3,4,0.75,0.75,False
FC03-Session2-headMic-0208,FC03,control,SELECT,TI,1,1,1.0,6,6,1.0,0.3333333333333333,False
FC03-Session2-headMic-0209,FC03,control,GOOSE,IRIS,1,1,1.0,4,5,0.8,0.8,False
FC03-Session2-headMic-0210,FC03,control,REAP,OHT,1,1,1.0,4,4,1.0,0.75,False
FC03-Session2-headMic-0211,FC03,control,SOME PREFER THE TRADITIONAL STEEL KIND,,6,6,1.0,33,33,1.0,0.0,True
FC03-Session2-headMic-0212,FC03,control,BIBLICAL SCHOLARS ARGUE HISTORY,HAL A,4,4,1.0,25,28,0.8928571428571429,0.14285714285714285,False
FC03-Session2-headMic-0213,FC03,control,LIP,ET,1,1,1.0,3,3,1.0,0.6666666666666666,False
FC03-Session2-headMic-0214,FC03,control,BLEND,OH,1,1,1.0,5,5,1.0,0.4,False
FC03-Session2-headMic-0215,FC03,control,AIR,HAIROR,1,1,1.0,3,3,1.0,2.0,False
FC03-Session2-headMic-0216,FC03,control,SEW,SOR,1,1,1.0,2,3,0.6666666666666666,1.0,False
FC03-Session2-headMic-0217,FC03,control,PORK,OT,1,1,1.0,3,4,0.75,0.5,False
FC03-Session2-headMic-0218,FC03,control,BOOT,T,1,1,1.0,3,4,0.75,0.25,False
FC03-Session2-headMic-0219,FC03,control,MENU,EE,1,1,1.0,3,4,0.75,0.5,False
FC03-Session2-headMic-0220,FC03,control,TORT,A,1,1,1.0,4,4,1.0,0.25,False
FC03-Session2-headMic-0221,FC03,control,LEND,NEAET,1,1,1.0,4,4,1.0,1.25,False
FC03-Session2-headMic-0222,FC03,control,SNAKE,SIET,1,1,1.0,4,5,0.8,0.8,False
FC03-Session2-headMic-0223,FC03,control,SHOP,SIA,1,1,1.0,3,4,0.75,0.75,False
FC03-Session2-headMic-0224,FC03,control,TRESPASSERS CAN BE PROSECUTED AND FINED,O A,6,6,1.0,32,34,0.9411764705882353,0.058823529411764705,False
FC03-Session2-headMic-0225,FC03,control,READ,RATD,1,1,1.0,2,4,0.5,1.0,False
FC03-Session2-headMic-0226,FC03,control,THAT'S WHAT LIFE IS REALLY ALL ABOUT,L S  O,7,7,1.0,27,30,0.9,0.1,False
FC03-Session2-headMic-0228,FC03,control,CATCH,SH,1,1,1.0,4,5,0.8,0.4,False
FC03-Session2-headMic-0229,FC03,control,DREAD,ENTT,1,1,1.0,5,5,1.0,0.8,False
FC03-Session2-headMic-0230,FC03,control,NO,AD,1,1,1.0,2,2,1.0,1.0,False
FC03-Session2-headMic-0231,FC03,control,HOLD,HOT,1,1,1.0,2,4,0.5,0.75,False
FC03-Session2-headMic-0232,FC03,control,CHOP,FA,1,1,1.0,4,4,1.0,0.5,False
FC03-Session2-headMic-0233,FC03,control,LEAK,WEIT,1,1,1.0,3,4,0.75,1.0,False
FC03-Session2-headMic-0234,FC03,control,THREAT,FATT,1,1,1.0,5,6,0.8333333333333334,0.6666666666666666,False
FC03-Session2-headMic-0235,FC03,control,EAT,OP,1,1,1.0,3,3,1.0,0.6666666666666666,False
FC03-Session2-headMic-0236,FC03,control,SHORT,IR,1,1,1.0,4,5,0.8,0.4,False
FC03-Session2-headMic-0237,FC03,control,LAKE,E,1,1,1.0,3,4,0.75,0.25,False
FC03-Session2-headMic-0238,FC03,control,I SCREAM TO WARM UP MY VOICE,AES,7,7,1.0,21,22,0.9545454545454546,0.13636363636363635,False
FC03-Session2-headMic-0239,FC03,control,FORK,SEE,1,1,1.0,4,4,1.0,0.75,False
FC03-Session2-headMic-0240,FC03,control,BILL,NO,1,1,1.0,4,4,1.0,0.5,False
FC03-Session2-headMic-0241,FC03,control,RED,SIIT,1,1,1.0,4,3,1.3333333333333333,1.3333333333333333,False
FC03-Session2-headMic-0242,FC03,control,SHOT,ITTT,1,1,1.0,3,4,0.75,1.0,False
FC03-Session2-headMic-0243,FC03,control,I CALLED TWO DIFFERENT PAINTERS,R,5,5,1.0,26,27,0.9629629629629629,0.037037037037037035,False
FC03-Session2-headMic-0244,FC03,control,GILL,EE,1,1,1.0,4,4,1.0,0.5,False
FC03-Session2-headMic-0245,FC03,control,GILL,TAALL,1,1,1.0,3,4,0.75,1.25,False
FC03-Session2-headMic-0246,FC03,control,EAT,AF,1,1,1.0,2,3,0.6666666666666666,0.6666666666666666,False
FC03-Session2-headMic-0247,FC03,control,RIDE,RHT,1,1,1.0,3,4,0.75,0.75,False
FC03-Session2-headMic-0248,FC03,control,I'VE KEPT IT WITH ME EVER SINCE,S R   S,7,7,1.0,23,25,0.92,0.12,False
FC03-Session2-headMic-0250,FC03,control,CAKE,IT,1,1,1.0,4,4,1.0,0.5,False
FC03-Session2-headMic-0251,FC03,control,SHEEP,HIET,1,1,1.0,3,5,0.6,0.8,False
FC03-Session2-headMic-0252,FC03,control,HE ASKED YOU FOR A LOAN,SS,6,6,1.0,17,18,0.9444444444444444,0.1111111111111111,False
FC03-Session2-headMic-0253,FC03,control,STEAK,SIP,1,1,1.0,4,5,0.8,0.6,False
FC03-Session2-headMic-0254,FC03,control,BILL,E,1,1,1.0,4,4,1.0,0.25,False
FC03-Session2-headMic-0255,FC03,control,COAT,LDT,1,1,1.0,3,4,0.75,0.75,False
FC03-Session2-headMic-0256,FC03,control,BEAT,T,1,1,1.0,3,4,0.75,0.25,False
FC03-Session2-headMic-0257,FC03,control,BARB'S GOLD BRACELET WAS A GRADUATION PRESENT,A  S R,6,7,0.8571428571428571,36,39,0.9230769230769231,0.07692307692307693,False
FC03-Session2-headMic-0258,FC03,control,HE,SEA,1,1,1.0,2,2,1.0,1.5,False
FC03-Session2-headMic-0259,FC03,control,SHED,SI,1,1,1.0,3,4,0.75,0.5,False
FC03-Session2-headMic-0260,FC03,control,ONLY THE MOST ACCOMPLISHED ARTISTS OBTAIN POPULARITY,S,7,7,1.0,45,46,0.9782608695652174,0.021739130434782608,False
FC03-Session2-headMic-0261,FC03,control,RIP,RIT,1,1,1.0,1,3,0.3333333333333333,1.0,False
FC03-Session2-headMic-0262,FC03,control,GAS,AS,1,1,1.0,1,3,0.3333333333333333,0.6666666666666666,False
FC03-Session2-headMic-0263,FC03,control,BREAD,NE,1,1,1.0,4,5,0.8,0.4,False
FC03-Session2-headMic-0264,FC03,control,SAID,SI,1,1,1.0,2,4,0.5,0.5,False
FC03-Session2-headMic-0265,FC03,control,DUG,AT,1,1,1.0,3,3,1.0,0.6666666666666666,False
FC03-Session2-headMic-0266,FC03,control,SPORT,SETT,1,1,1.0,3,5,0.6,0.8,False
FC03-Session2-headMic-0267,FC03,control,TUG,AT,1,1,1.0,3,3,1.0,0.6666666666666666,False
FC03-Session2-headMic-0268,FC03,control,FED,ST,1,1,1.0,3,3,1.0,0.6666666666666666,False
FC03-Session2-headMic-0269,FC03,control,GRANDMOTHER OUTGREW HER UPBRINGING IN PETTICOATS,,6,6,1.0,43,43,1.0,0.0,True
FC03-Session2-headMic-0270,FC03,control,GEESE,SS,1,1,1.0,4,5,0.8,0.4,False
FC03-Session2-headMic-0271,FC03,control,IT REQUIRES NO BIG INVESTMENT,S,5,5,1.0,24,25,0.96,0.04,False
FC03-Session2-headMic-0272,FC03,control,TIMBER,FRE,1,1,1.0,5,6,0.8333333333333334,0.5,False
FC03-Session2-headMic-0273,FC03,control,EIGHT,T,1,1,1.0,4,5,0.8,0.2,False
FC03-Session2-headMic-0274,FC03,control,A FIRE IN STRAW MAKES A QUICK BLAZE,I S    S,8,8,1.0,25,28,0.8928571428571429,0.10714285714285714,False
FC03-Session2-headMic-0275,FC03,control,CASH,ERCSE,1,1,1.0,4,4,1.0,1.25,False
FC03-Session2-headMic-0276,FC03,control,FEET,TIT,1,1,1.0,3,4,0.75,0.75,False
FC03-Session2-headMic-0277,FC03,control,THAT PICKPOCKET WAS CAUGHT RED HANDED,A  R,6,6,1.0,30,32,0.9375,0.0625,False
FC03-Session2-headMic-0278,FC03,control,IT,EA,1,1,1.0,2,2,1.0,1.0,False
FC03-Session2-headMic-0279,FC03,control,TAIL,TRAD,1,1,1.0,3,4,0.75,1.0,False
FC03-Session2-headMic-0280,FC03,control,CODE,,1,1,1.0,4,4,1.0,0.0,True
FC03-Session2-headMic-0281,FC03,control,CHEER,HAR,1,1,1.0,3,5,0.6,0.6,False
FC03-Session2-headMic-0282,FC03,control,BUMPER,,1,1,1.0,6,6,1.0,0.0,True
FC03-Session2-headMic-0283,FC03,control,FIT,SE,1,1,1.0,3,3,1.0,0.6666666666666666,False
FC03-Session2-headMic-0284,FC03,control,EMBER,TOL,1,1,1.0,5,5,1.0,0.6,False
FC03-Session2-headMic-0285,FC03,control,THOSE PEOPLE ARE MUCH QUICKER THAN I AM,S  OR,8,8,1.0,29,32,0.90625,0.09375,False
FC03-Session2-headMic-0286,FC03,control,GASH,AE,1,1,1.0,3,4,0.75,0.5,False
FC03-Session2-headMic-0287,FC03,control,HER POSITION COVERS A NUMBER OF DAILY TASKS COMMON TO ANY SOCIAL DIRECTOR,S       A   A,12,13,0.9230769230769231,58,61,0.9508196721311475,0.04918032786885246,False
FC03-Session2-headMic-0288,FC03,control,MEMBER,O,1,1,1.0,6,6,1.0,0.16666666666666666,False
FC03-Session2-headMic-0289,FC03,control,BASKETBALL CAN BE AN ENTERTAINING SPORT,OR,6,6,1.0,32,34,0.9411764705882353,0.058823529411764705,False
FC03-Session2-headMic-0290,FC03,control,I TELL YOU IT WAS WONDERFUL,ORES O,6,6,1.0,19,22,0.8636363636363636,0.22727272727272727,False
FC03-Session2-headMic-0291,FC03,control,SEE,I,1,1,1.0,3,3,1.0,0.3333333333333333,False
FC03-Session2-headMic-0292,FC03,control,THE MARRIAGE WENT WELL FROM THE START,AR,7,7,1.0,29,31,0.9354838709677419,0.06451612903225806,False
FC03-Session2-headMic-0293,FC03,control,I WAS PLEASED WITH THE WAY THINGS WENT,A  R,8,8,1.0,30,31,0.967741935483871,0.06451612903225806,False
FC03-Session2-headMic-0294,FC03,control,LEAP,ET,1,1,1.0,3,4,0.75,0.5,False
FC03-Session2-headMic-0295,FC03,control,EIGHT,AT,1,1,1.0,4,5,0.8,0.4,False
FC03-Session2-headMic-0296,FC03,control,SO IF ANYBODY SOLICITS BY PHONE MAKE SURE YOU MAIL THE DOUGH TO THE ABOVE,S S  S,15,15,1.0,56,59,0.9491525423728814,0.05084745762711865,False
FC03-Session2-headMic-0297,FC03,control,SEVEN,TAET,1,1,1.0,4,5,0.8,0.8,False
FC03-Session2-headMic-0298,FC03,control,FIVE,FAIT,1,1,1.0,3,4,0.75,1.0,False
FC03-Session2-headMic-0299,FC03,control,SIX,IS,1,1,1.0,2,3,0.6666666666666666,0.6666666666666666,False
FC03-Session2-headMic-0300,FC03,control,ROW,ROA,1,1,1.0,1,3,0.3333333333333333,1.0,False
FC03-Session2-headMic-0301,FC03,control,BEEF,EEFE,1,1,1.0,2,4,0.5,1.0,False
FC03-Session2-headMic-0302,FC03,control,I HAVEN'T SEEN THAT FRIEND FOR YEARS,S,7,7,1.0,29,30,0.9666666666666667,0.03333333333333333,False
FC03-Session2-headMic-0303,FC03,control,YET HE REMAINS THE FIERCEST OF COMPETITORS,S   S  S,7,7,1.0,33,36,0.9166666666666666,0.08333333333333333,False
FC03-Session2-headMic-0304,FC03,control,YET HE REMAINS THE FIERCEST OF COMPETITORS,S  S      S,7,7,1.0,33,36,0.9166666666666666,0.08333333333333333,False
FC03-Session2-headMic-0305,FC03,control,TEMPER,TT,1,1,1.0,5,6,0.8333333333333334,0.3333333333333333,False
FC03-Session2-headMic-0307,FC03,control,DOCK,O,1,1,1.0,3,4,0.75,0.25,False
FC03-Session2-headMic-0308,FC03,control,SHEER,SRE,1,1,1.0,3,5,0.6,0.6,False
FC03-Session2-headMic-0309,FC03,control,GUESS,ETFEAEH,1,1,1.0,6,5,1.2,1.4,False
FC03-Session2-headMic-0310,FC03,control,OK,MRIPS,1,1,1.0,5,2,2.5,2.5,False
FC03-Session2-headMic-0311,FC03,control,KNIFE,LI,1,1,1.0,4,5,0.8,0.4,False
FC03-Session2-headMic-0312,FC03,control,HER DARK HAIR IS COMBED CASUALLY,,6,6,1.0,27,27,1.0,0.0,True
FC03-Session2-headMic-0313,FC03,control,I ALSO CAN BE QUITE VOCAL,S  L O,6,6,1.0,18,20,0.9,0.15,False
FC03-Session2-headMic-0314,FC03,control,SIX,IIS,1,1,1.0,2,3,0.6666666666666666,1.0,False
FC03-Session2-headMic-0315,FC03,control,REAP,FE,1,1,1.0,3,4,0.75,0.5,False
FC03-Session2-headMic-0316,FC03,control,BEEP,EI,1,1,1.0,3,4,0.75,0.5,False
FC03-Session2-headMic-0317,FC03,control,FIVE,SRT,1,1,1.0,4,4,1.0,0.75,False
FC03-Session2-headMic-0318,FC03,control,STICKS,SISHS,1,1,1.0,3,6,0.5,0.8333333333333334,False
FC03-Session2-headMic-0319,FC03,control,ONE,AE,1,1,1.0,2,3,0.6666666666666666,0.6666666666666666,False
FC03-Session2-headMic-0320,FC03,control,AT TWILIGHT ON THE TWELFTH DAY WE'LL HAVE CHABLIS,S S,9,9,1.0,40,41,0.975609756097561,0.04878048780487805,False
FC03-Session2-headMic-0321,FC03,control,THEY WILL TAKE A WEDDING TRIP LATER,,7,7,1.0,29,29,1.0,0.0,True
FC03-Session2-headMic-0322,FC03,control,REEF,IT,1,1,1.0,4,4,1.0,0.5,False
FC03-Session2-headMic-0323,FC03,control,MOM STRONGLY DISLIKES APPETIZERS,S L        R S,4,4,1.0,25,29,0.8620689655172413,0.13793103448275862,False
FC03-Session2-headMic-0324,FC03,control,REAP,EIT,1,1,1.0,3,4,0.75,0.75,False
FC03-Session2-headMic-0325,FC03,control,SEAT,SI,1,1,1.0,3,4,0.75,0.5,False
FC03-Session2-headMic-0326,FC03,control,SENDER,SEE,1,1,1.0,3,6,0.5,0.5,False
FC03-Session2-headMic-0327,FC03,control,ADDITION AND SUBTRACTION ARE LEARNED SKILLS,S SR S  A S,6,6,1.0,34,38,0.8947368421052632,0.15789473684210525,False
FC03-Session2-headMic-0328,FC03,control,ADDITION AND SUBTRACTION ARE LEARNED SKILLS,S     RS,6,6,1.0,35,38,0.9210526315789473,0.07894736842105263,False
FC03-Session2-headMic-0329,FC03,control,MEAT,ET,1,1,1.0,2,4,0.5,0.5,False
FC03-Session2-headMic-0331,FC03,control,AMBIDEXTROUS PICKPOCKETS ACCOMPLISH MORE,A     S,4,4,1.0,35,37,0.9459459459459459,0.05405405405405406,False
FC03-Session2-headMic-0332,FC03,control,HASH,OS,1,1,1.0,3,4,0.75,0.5,False
FC03-Session2-headMic-0333,FC03,control,FOUR,FAE,1,1,1.0,3,4,0.75,0.75,False
FC03-Session2-headMic-0334,FC03,control,ZERO,FISEIR,1,1,1.0,5,4,1.25,1.5,False
FC03-Session2-headMic-0335,FC03,control,NINE,AIRAD,1,1,1.0,4,4,1.0,1.25,False
FC03-Session2-headMic-0336,FC03,control,CENTER,SHI,1,1,1.0,6,6,1.0,0.5,False
FC03-Session2-headMic-0337,FC03,control,TEA,T,1,1,1.0,2,3,0.6666666666666666,0.3333333333333333,False
FC03-Session2-headMic-0338,FC03,control,FEED,FE,1,1,1.0,2,4,0.5,0.5,False
FC03-Session2-headMic-0339,FC03,control,FORK,FA,1,1,1.0,3,4,0.75,0.5,False
FC03-Session2-headMic-0340,FC03,control,BENDER,ED,1,1,1.0,4,6,0.6666666666666666,0.3333333333333333,False
FC03-Session2-headMic-0341,FC03,control,SHE,SSEIE,1,1,1.0,3,3,1.0,1.6666666666666667,False
FC03-Session2-headMic-0342,FC03,control,RENTER,TI,1,1,1.0,5,6,0.8333333333333334,0.3333333333333333,False
FC03-Session2-headMic-0343,FC03,control,MOCK,I,1,1,1.0,4,4,1.0,0.25,False
FC03-Session2-headMic-0344,FC03,control,NINE,FEE,1,1,1.0,3,4,0.75,0.75,False
FC03-Session2-headMic-0345,FC03,control,IT WAS VERY POPULAR WITH OUR FANS,S,7,7,1.0,26,27,0.9629629629629629,0.037037037037037035,False
FC03-Session2-headMic-0346,FC03,control,CATASTROPHIC ECONOMIC CUTBACKS NEGLECT THE POOR,S  S,6,6,1.0,40,42,0.9523809523809523,0.047619047619047616,False
FC03-Session2-headMic-0347,FC03,control,PETE,EITS,1,1,1.0,3,4,0.75,1.0,False
FC03-Session2-headMic-0348,FC03,control,SEVEN,FRO,1,1,1.0,5,5,1.0,0.6,False
FC03-Session2-headMic-0349,FC03,control,ASH,IHSH,1,1,1.0,2,3,0.6666666666666666,1.3333333333333333,False
FC03-Session2-headMic-0350,FC03,control,ACHE,TE,1,1,1.0,3,4,0.75,0.5,False
FC03-Session2-headMic-0351,FC03,control,SEA,SIT,1,1,1.0,2,3,0.6666666666666666,1.0,False
FC03-Session2-headMic-0353,FC03,control,BEAST,EIS,1,1,1.0,3,5,0.6,0.6,False
FC03-Session2-headMic-0354,FC03,control,BEAT,ET,1,1,1.0,2,4,0.5,0.5,False
FC03-Session2-headMic-0355,FC03,control,FOOD,S,1,1,1.0,4,4,1.0,0.25,False
FC03-Session2-headMic-0356,FC03,control,TO,IR,1,1,1.0,2,2,1.0,1.0,False
FC03-Session2-headMic-0357,FC03,control,I LOVED EVERY MINUTE OF IT,RAEA,6,6,1.0,19,21,0.9047619047619048,0.19047619047619047,False
FC03-Session2-headMic-0358,FC03,control,MEAT,TET,1,1,1.0,2,4,0.5,0.75,False
FC03-Session2-headMic-0359,FC03,control,APE,AT,1,1,1.0,2,3,0.6666666666666666,0.6666666666666666,False
FC03-Session2-headMic-0360,FC03,control,SEAM,FEET,1,1,1.0,3,4,0.75,1.0,False
FC03-Session2-headMic-0361,FC03,control,GOLD CAN BE FOUND ANYWHERE,RR,5,5,1.0,21,22,0.9545454545454546,0.09090909090909091,False
FC03-Session2-headMic-0362,FC03,control,ELDERLY PEOPLE ARE OFTEN EXCLUDED,L  O,5,5,1.0,27,29,0.9310344827586207,0.06896551724137931,False
FC03-Session2-headMic-0363,FC03,control,ME,EAT,1,1,1.0,3,2,1.5,1.5,False
FC03-Session2-headMic-0364,FC03,control,SPIT,SS,1,1,1.0,3,4,0.75,0.5,False
FC03-Session2-headMic-0365,FC03,control,FENDER,RCI,1,1,1.0,6,6,1.0,0.5,False
FC03-Session2-headMic-0366,FC03,control,FENDER,FR,1,1,1.0,4,6,0.6666666666666666,0.3333333333333333,False
FC03-Session2-headMic-0367,FC03,control,I DON'T THINK IT'S A GOOD IDEA,TIAE,7,7,1.0,20,24,0.8333333333333334,0.16666666666666666,False
FC03-Session2-headMic-0368,FC03,control,BEAM,,1,1,1.0,4,4,1.0,0.0,True
FC03-Session2-headMic-0369,FC03,control,NEAT,OF,1,1,1.0,4,4,1.0,0.5,False
FC03-Session2-headMic-0370,FC03,control,SIX,IS,1,1,1.0,2,3,0.6666666666666666,0.6666666666666666,False
FC03-Session2-headMic-0371,FC03,control,WOE,ORIR,1,1,1.0,4,3,1.3333333333333333,1.3333333333333333,False
FC03-Session2-headMic-0372,FC03,control,THE SUN DIED AT NIGHT,T,5,5,1.0,16,17,0.9411764705882353,0.058823529411764705,False
FC03-Session2-headMic-0373,FC03,control,HER CLASSICAL PERFORMANCE GAINED CRITICAL ACCLAIM,S  S,6,6,1.0,42,44,0.9545454545454546,0.045454545454545456,False
FC03-Session2-headMic-0374,FC03,control,HER CLASSICAL PERFORMANCE GAINED CRITICAL ACCLAIM,,6,6,1.0,44,44,1.0,0.0,True
FC03-Session2-headMic-0375,FC03,control,WE JUST DON'T,TLI,3,3,1.0,10,11,0.9090909090909091,0.2727272727272727,False
FC03-Session2-headMic-0376,FC03,control,WE JUST DIDN'T LOOK GOOD,O,5,5,1.0,19,20,0.95,0.05,False
FC03-Session2-headMic-0377,FC03,control,THE GOLFING FATHERS RULED IN HIS FAVOR,R S   R,7,7,1.0,29,32,0.90625,0.09375,False
FC03-Session2-headMic-0379,FC03,control,SHE SUGGESTED WE ALL HAVE DINNER TOGETHER,I S O R,7,7,1.0,32,35,0.9142857142857143,0.11428571428571428,False
FC03-Session2-headMic-0380,FC03,control,COAT,T,1,1,1.0,3,4,0.75,0.25,False
FC03-Session2-headMic-0381,FC03,control,LENDER,AR,1,1,1.0,5,6,0.8333333333333334,0.3333333333333333,False
FC03-Session2-headMic-0382,FC03,control,WORSE LUCK WAS STILL TO COME,I,6,6,1.0,22,23,0.9565217391304348,0.043478260869565216,False
FC03-Session2-headMic-0383,FC03,control,TWO,TOR,1,1,1.0,2,3,0.6666666666666666,1.0,False
FC03-Session2-headMic-0384,FC03,control,NICE,ASS,1,1,1.0,4,4,1.0,0.75,False
FC03-Session2-headMic-0385,FC03,control,WE HAVE A BIG HOUSE,ISR,5,5,1.0,13,15,0.8666666666666667,0.2,False
FC03-Session2-headMic-0386,FC03,control,THREE,SI,1,1,1.0,5,5,1.0,0.4,False
FC03-Session2-headMic-0387,FC03,control,HAIL,E,1,1,1.0,4,4,1.0,0.25,False
FC03-Session2-headMic-0388,FC03,control,FORKS,FITT,1,1,1.0,4,5,0.8,0.8,False
FC03-Session2-headMic-0389,FC03,control,ZERO,IRIR,1,1,1.0,4,4,1.0,1.0,False
FC03-Session2-headMic-0390,FC03,control,TENDER,AAD,1,1,1.0,5,6,0.8333333333333334,0.5,False
FC03-Session3-headMic-0001,FC03,control,THIS HE ADDED BROUGHT ABOUT PETTY JEALOUSIES AND PETTY PERSONAL GRIEVANCES,S      S,11,11,1.0,62,64,0.96875,0.03125,False
FC03-Session3-headMic-0002,FC03,control,HATCH,CSE,1,1,1.0,5,5,1.0,0.6,False
FC03-Session3-headMic-0003,FC03,control,PET,HOT,1,1,1.0,2,3,0.6666666666666666,1.0,False
FC03-Session3-headMic-0004,FC03,control,ROW,RO,1,1,1.0,1,3,0.3333333333333333,0.6666666666666666,False
FC03-Session3-headMic-0005,FC03,control,FEET,SSI,1,1,1.0,4,4,1.0,0.75,False
FC03-Session3-headMic-0006,FC03,control,LAX,MEIS,1,1,1.0,4,3,1.3333333333333333,1.3333333333333333,False
FC03-Session3-headMic-0007,FC03,control,EASE,EET,1,1,1.0,3,4,0.75,0.75,False
FC03-Session3-headMic-0008,FC03,control,SEE,FHEE,1,1,1.0,2,3,0.6666666666666666,1.3333333333333333,False
FC03-Session3-headMic-0009,FC03,control,CAT,HIT,1,1,1.0,2,3,0.6666666666666666,1.0,False
FC03-Session3-headMic-0010,FC03,control,RAKES,OTS,1,1,1.0,4,5,0.8,0.6,False
FC03-Session3-headMic-0011,FC03,control,FELL,SIT,1,1,1.0,4,4,1.0,0.75,False
FC03-Session3-headMic-0012,FC03,control,AID,IEET,1,1,1.0,4,3,1.3333333333333333,1.3333333333333333,False
FC03-Session3-headMic-0013,FC03,control,HAD,AD,1,1,1.0,1,3,0.3333333333333333,0.6666666666666666,False
FC03-Session3-headMic-0014,FC03,control,WE ALL SAT DOWN AND RELAXED,IENE,6,6,1.0,19,22,0.8636363636363636,0.18181818181818182,False
FC03-Session3-headMic-0015,FC03,control,BUNCH,E,1,1,1.0,5,5,1.0,0.2,False
FC03-Session3-headMic-0017,FC03,control,THERE WAS NO CONFIRMATION OF SUCH MASSIVE ASSAULTS FROM INDEPENDENT SOURCES,S        S  S,11,11,1.0,62,65,0.9538461538461539,0.046153846153846156,False
FC03-Session3-headMic-0018,FC03,control,HARM,N,1,1,1.0,4,4,1.0,0.25,False
FC03-Session3-headMic-0019,FC03,control,FAT,UT,1,1,1.0,2,3,0.6666666666666666,0.6666666666666666,False
FC03-Session3-headMic-0020,FC03,control,EASE,TES,1,1,1.0,3,4,0.75,0.75,False
FC03-Session3-headMic-0021,FC03,control,SELL,FI,1,1,1.0,4,4,1.0,0.5,False
FC03-Session3-headMic-0022,FC03,control,I DIDN'T KNOW WHERE THEY WERE COMING FROM,O O    AENE,8,8,1.0,31,34,0.9117647058823529,0.17647058823529413,False
FC03-Session3-headMic-0023,FC03,control,STICKS,IFST,1,1,1.0,5,6,0.8333333333333334,0.6666666666666666,False
FC03-Session3-headMic-0024,FC03,control,BUNCH,ITS,1,1,1.0,5,5,1.0,0.6,False
FC03-Session3-headMic-0025,FC03,control,ACHES,IS,1,1,1.0,4,5,0.8,0.4,False
FC03-Session3-headMic-0026,FC03,control,ANY CONTRIBUTIONS WILL BE GREATLY APPRECIATED,S,6,6,1.0,39,40,0.975,0.025,False
FC03-Session3-headMic-0027,FC03,control,HASH,AIH,1,1,1.0,2,4,0.5,0.75,False
FC03-Session3-headMic-0028,FC03,control,RANGE WAS A VITAL DETAIL,IESEL,5,5,1.0,16,20,0.8,0.25,False
FC03-Session3-headMic-0029,FC03,control,ATE,IP,1,1,1.0,3,3,1.0,0.6666666666666666,False
FC03-Session3-headMic-0030,FC03,control,HARM,ET,1,1,1.0,4,4,1.0,0.5,False
FC03-Session3-headMic-0031,FC03,control,AIL,HR,1,1,1.0,3,3,1.0,0.6666666666666666,False
FC03-Session3-headMic-0032,FC03,control,THE PROWLER WORE A SKI MASK FOR DISGUISE,L     S,8,8,1.0,31,33,0.9393939393939394,0.06060606060606061,False
FC03-Session3-headMic-0033,FC03,control,WE KNOW WE CAN SCORE,OESR,5,5,1.0,12,16,0.75,0.25,False
FC03-Session3-headMic-0034,FC03,control,HAVE NO FEAR IF YOU COME ALONE,RS S,7,7,1.0,23,24,0.9583333333333334,0.125,False
FC03-Session3-headMic-0035,FC03,control,FILL,SFIE,1,1,1.0,3,4,0.75,1.0,False
FC03-Session3-headMic-0036,FC03,control,PAT,AR,1,1,1.0,2,3,0.6666666666666666,0.6666666666666666,False
FC03-Session3-headMic-0037,FC03,control,CHARM,FE,1,1,1.0,5,5,1.0,0.4,False
FC03-Session3-headMic-0038,FC03,control,ADD,O,1,1,1.0,3,3,1.0,0.3333333333333333,False
FC03-Session3-headMic-0039,FC03,control,RIP,ORO,1,1,1.0,3,3,1.0,1.0,False
FC03-Session3-headMic-0040,FC03,control,STEAK,ST,1,1,1.0,3,5,0.6,0.4,False
FC03-Session3-headMic-0041,FC03,control,DOCK,IOT,1,1,1.0,3,4,0.75,0.75,False
FC03-Session3-headMic-0042,FC03,control,TILE,RAR,1,1,1.0,4,4,1.0,0.75,False
FC03-Session3-headMic-0043,FC03,control,THE STRUCTURES HOUSING THE APARTMENTS ARE OF,,7,7,1.0,38,38,1.0,0.0,True
FC03-Session3-headMic-0044,FC03,control,THE STRUCTURES HOUSING THE APARTMENTS ARE OF MASONRY AND FRAME CONSTRUCTION,S,11,11,1.0,64,65,0.9846153846153847,0.015384615384615385,False
FC03-Session3-headMic-0045,FC03,control,STEAK,E,1,1,1.0,4,5,0.8,0.2,False
FC03-Session3-headMic-0046,FC03,control,RISE,MES,1,1,1.0,3,4,0.75,0.75,False
FC03-Session3-headMic-0047,FC03,control,ADD,AHT,1,1,1.0,2,3,0.6666666666666666,1.0,False
FC03-Session3-headMic-0048,FC03,control,ACHE,ET,1,1,1.0,4,4,1.0,0.5,False
FC03-Session3-headMic-0049,FC03,control,PAT,AT,1,1,1.0,1,3,0.3333333333333333,0.6666666666666666,False
FC03-Session3-headMic-0050,FC03,control,THE LACK OF HEAT COMPOUNDED THE TENANT'S GRIEVANCES,L,8,8,1.0,43,44,0.9772727272727273,0.022727272727272728,False
FC03-Session3-headMic-0051,FC03,control,CHAP,IHAIT,1,1,1.0,3,4,0.75,1.25,False
FC03-Session3-headMic-0052,FC03,control,IS,IAIF,1,1,1.0,3,2,1.5,2.0,False
FC03-Session3-headMic-0053,FC03,control,HAT,HIAT,1,1,1.0,1,3,0.3333333333333333,1.3333333333333333,False
FC03-Session3-headMic-0054,FC03,control,TALL,TOIO,1,1,1.0,3,4,0.75,1.0,False
FC03-Session3-headMic-0055,FC03,control,THE EASTERN COAST IS A PLACE FOR PURE PLEASURE AND EXCITEMENT,L    R,11,11,1.0,49,51,0.9607843137254902,0.0392156862745098,False
FC03-Session3-headMic-0056,FC03,control,THE PLOT IS LACED WITH MYSTERIOUS INCIDENTS,S,7,7,1.0,36,37,0.972972972972973,0.02702702702702703,False
FC03-Session3-headMic-0057,FC03,control,HAIL,HIAT,1,1,1.0,3,4,0.75,1.0,False
FC03-Session3-headMic-0058,FC03,control,HALL,FO,1,1,1.0,4,4,1.0,0.5,False
FC03-Session3-headMic-0059,FC03,control,I HAD NO DESIRE TO CHANGE MY WAYS,L,8,8,1.0,26,26,1.0,0.038461538461538464,False
FC03-Session3-headMic-0060,FC03,control,DUG,O,1,1,1.0,3,3,1.0,0.3333333333333333,False
FC03-Session3-headMic-0061,FC03,control,EASE,ES,1,1,1.0,2,4,0.5,0.5,False
FC03-Session3-headMic-0062,FC03,control,SEAT,SIT,1,1,1.0,2,4,0.5,0.75,False
FC03-Session3-headMic-0063,FC03,control,REAP,RIT,1,1,1.0,3,4,0.75,0.75,False
FC03-Session3-headMic-0064,FC03,control,PUNCH,ES,1,1,1.0,5,5,1.0,0.4,False
FC03-Session3-headMic-0065,FC03,control,CHOP,SIHI,1,1,1.0,4,4,1.0,1.0,False
FC03-Session3-headMic-0066,FC03,control,WE EXPERIENCE DISTRESS AND FRUSTRATION OBTAINING OUR DEGREES,S        S,8,8,1.0,51,53,0.9622641509433962,0.03773584905660377,False
FC03-Session3-headMic-0067,FC03,control,END,IEINT,1,1,1.0,3,3,1.0,1.6666666666666667,False
FC03-Session3-headMic-0068,FC03,control,WE SHELLED CLAMS FOR THE CHOWDER,I,6,6,1.0,27,27,1.0,0.037037037037037035,False
FC03-Session3-headMic-0069,FC03,control,PIT,A,1,1,1.0,3,3,1.0,0.3333333333333333,False
FC03-Session3-headMic-0070,FC03,control,SAKE,SET,1,1,1.0,3,4,0.75,0.75,False
FC03-Session3-headMic-0071,FC03,control,FULL,S,1,1,1.0,4,4,1.0,0.25,False
FC03-Session3-headMic-0072,FC03,control,PEAS,SS,1,1,1.0,3,4,0.75,0.5,False
FC03-Session3-headMic-0073,FC03,control,I WANTED TO BE AN ACTRESS,ALE,6,6,1.0,18,20,0.9,0.15,False
FC03-Session3-headMic-0074,FC03,control,LIES,ILS,1,1,1.0,2,4,0.5,0.75,False
FC03-Session3-headMic-0075,FC03,control,THE LEGISLATURE MET TO JUDGE THE STATE OF PUBLIC EDUCATION,,10,10,1.0,49,49,1.0,0.0,True
FC03-Session3-headMic-0076,FC03,control,HAT,ATT,1,1,1.0,2,3,0.6666666666666666,1.0,False
FC03-Session3-headMic-0077,FC03,control,LIP,FE,1,1,1.0,3,3,1.0,0.6666666666666666,False
FC03-Session3-headMic-0078,FC03,control,ARE,IT,1,1,1.0,3,3,1.0,0.6666666666666666,False
FC03-Session3-headMic-0079,FC03,control,WE ARE THE LARGEST OF THE FOUR STATES,A         S,8,8,1.0,28,30,0.9333333333333333,0.06666666666666667,False
FC03-Session3-headMic-0080,FC03,control,TILE,OLT,1,1,1.0,3,4,0.75,0.75,False
FC03-Session3-headMic-0081,FC03,control,ARM,ET,1,1,1.0,3,3,1.0,0.6666666666666666,False
FC03-Session3-headMic-0082,FC03,control,WAX,LOITS,1,1,1.0,5,3,1.6666666666666667,1.6666666666666667,False
FC03-Session3-headMic-0083,FC03,control,RACKS,S,1,1,1.0,4,5,0.8,0.2,False
FC03-Session3-headMic-0084,FC03,control,DUCK,I,1,1,1.0,4,4,1.0,0.25,False
FC03-Session3-headMic-0085,FC03,control,AIR,TOI,1,1,1.0,3,3,1.0,1.0,False
FC03-Session3-headMic-0086,FC03,control,WE TALKED ABOUT THE SITUATION,SIESE,5,5,1.0,23,25,0.92,0.2,False
FC03-Session3-headMic-0088,FC03,control,CHOCOLATE AND ROSES NEVER FAIL ACTUALLY,L  S,6,6,1.0,32,34,0.9411764705882353,0.058823529411764705,False
FC03-Session3-headMic-0089,FC03,control,CHOCOLATE AND ROSES NEVER FAIL AS A ROMANTIC GIFT,R  S,9,9,1.0,39,41,0.9512195121951219,0.04878048780487805,False
FC03-Session3-headMic-0090,FC03,control,ATE,IH,1,1,1.0,3,3,1.0,0.6666666666666666,False
FC03-Session3-headMic-0091,FC03,control,BUN,E,1,1,1.0,3,3,1.0,0.3333333333333333,False
FC03-Session3-headMic-0092,FC03,control,LEAP,ETEE,1,1,1.0,4,4,1.0,1.0,False
FC03-Session3-headMic-0093,FC03,control,THE SINGER'S FINGER HAD A SPLINTER,S  AI RIA,6,6,1.0,25,29,0.8620689655172413,0.20689655172413793,False
FC03-Session3-headMic-0094,FC03,control,FEET,TIT,1,1,1.0,3,4,0.75,0.75,False
FC03-Session3-headMic-0095,FC03,control,MUNCH,TES,1,1,1.0,5,5,1.0,0.6,False
FC03-Session3-headMic-0097,FC03,control,AT,IT,1,1,1.0,1,2,0.5,1.0,False
FC03-Session3-headMic-0098,FC03,control,LEAKS,LITS,1,1,1.0,3,5,0.6,0.8,False
FC03-Session3-headMic-0099,FC03,control,TRY TO WORK THINGS OUT,RE,5,5,1.0,17,18,0.9444444444444444,0.1111111111111111,False
FC03-Session3-headMic-0100,FC03,control,FAT,S,1,1,1.0,3,3,1.0,0.3333333333333333,False
FC03-Session3-headMic-0101,FC03,control,LIT,IT,1,1,1.0,1,3,0.3333333333333333,0.6666666666666666,False
FC03-Session3-headMic-0102,FC03,control,FILL,SLI,1,1,1.0,3,4,0.75,0.75,False
FC03-Session3-headMic-0103,FC03,control,THE JOB ALSO COVERS A NUMBER OF OTHER ITEMS,,9,9,1.0,35,35,1.0,0.0,True
FC03-Session3-headMic-0104,FC03,control,ACADEMIC APTITUDE GUARANTEES YOUR DIPLOMA,R,5,5,1.0,36,37,0.972972972972973,0.02702702702702703,False
FC03-Session3-headMic-0105,FC03,control,KNOCK,ETR,1,1,1.0,5,5,1.0,0.6,False
FC03-Session3-headMic-0106,FC03,control,EVEN A SIMPLE VOCABULARY CONTAINS SYMBOLS,LI,6,6,1.0,34,36,0.9444444444444444,0.05555555555555555,False
FC03-Session3-headMic-0107,FC03,control,HEAT,SI,1,1,1.0,4,4,1.0,0.5,False
FC03-Session3-headMic-0108,FC03,control,IS,TIS,1,1,1.0,1,2,0.5,1.5,False
FC03-Session3-headMic-0109,FC03,control,WAX,ETS,1,1,1.0,3,3,1.0,1.0,False
FC03-Session3-headMic-0110,FC03,control,DIAL,ORO,1,1,1.0,4,4,1.0,0.75,False
FC03-Session3-headMic-0111,FC03,control,BLEND,FIE,1,1,1.0,4,5,0.8,0.6,False
FC03-Session3-headMic-0112,FC03,control,SEED,SIE,1,1,1.0,2,4,0.5,0.75,False
FC03-Session3-headMic-0113,FC03,control,NOW I'M LIVING EXACTLY AS I CHOOSE,AE  S,7,7,1.0,26,28,0.9285714285714286,0.10714285714285714,False
FC03-Session3-headMic-0114,FC03,control,TAKE,FE,1,1,1.0,3,4,0.75,0.5,False
FC03-Session3-headMic-0115,FC03,control,ACHE,I,1,1,1.0,4,4,1.0,0.25,False
FC03-Session3-headMic-0116,FC03,control,LEAK,TAIT,1,1,1.0,4,4,1.0,1.0,False
FC03-Session3-headMic-0117,FC03,control,LIP,EAI,1,1,1.0,3,3,1.0,1.0,False
FC03-Session3-headMic-0118,FC03,control,TICKS,IPS,1,1,1.0,3,5,0.6,0.6,False
FC03-Session3-headMic-0119,FC03,control,HE HAS PLAYED VERY WELL,S,5,5,1.0,18,19,0.9473684210526315,0.05263157894736842,False
FC03-Session3-headMic-0120,FC03,control,CHEESE,AS,1,1,1.0,5,6,0.8333333333333334,0.3333333333333333,False
FC03-Session3-headMic-0121,FC03,control,HE'LL SELL THEM BY THE BOX,OLORS,6,6,1.0,20,21,0.9523809523809523,0.23809523809523808,False
FC03-Session3-headMic-0122,FC03,control,MILE,FEO,1,1,1.0,4,4,1.0,0.75,False
FC03-Session3-headMic-0124,FC03,control,PIT,EIT,1,1,1.0,1,3,0.3333333333333333,1.0,False
FC03-Session3-headMic-0125,FC03,control,SHEET,SIHP,1,1,1.0,4,5,0.8,0.8,False
FC03-Session3-headMic-0126,FC03,control,IT WAS A GREAT MEETING,N,5,5,1.0,17,18,0.9444444444444444,0.05555555555555555,False
FC03-Session3-headMic-0127,FC03,control,LOW,ATER,1,1,1.0,4,3,1.3333333333333333,1.3333333333333333,False
FC03-Session3-headMic-0128,FC03,control,LOOK FOR POCKETS OF BLACK SAND,E,6,6,1.0,24,25,0.96,0.04,False
FC03-Session3-headMic-0129,FC03,control,RAKE,RRIAT,1,1,1.0,4,4,1.0,1.25,False
FC03-Session3-headMic-0130,FC03,control,PILL,HIAR,1,1,1.0,3,4,0.75,1.0,False
FC03-Session3-headMic-0131,FC03,control,BUNCH,AIEH,1,1,1.0,4,5,0.8,0.8,False
FC03-Session3-headMic-0132,FC03,control,CASH,ISH,1,1,1.0,2,4,0.5,0.75,False
FC03-Session3-headMic-0133,FC03,control,BEGIN BY TRYING TO SPEAK UP MORE,ORO RAO,7,7,1.0,22,26,0.8461538461538461,0.23076923076923078,False
FC03-Session3-headMic-0134,FC03,control,BE PREPARED FOR ODD BEHAVIOR FROM FRIENDS,SR   L S,7,7,1.0,33,35,0.9428571428571428,0.11428571428571428,False
FC03-Session3-headMic-0136,FC03,control,LAST YEAR'S GAS SHORTAGE CAUSED STEEP PRICE INCREASES,S,8,8,1.0,45,46,0.9782608695652174,0.021739130434782608,False
FC03-Session3-headMic-0137,FC03,control,HOLD,IO,1,1,1.0,3,4,0.75,0.5,False
FC03-Session3-headMic-0138,FC03,control,BED,INT,1,1,1.0,3,3,1.0,1.0,False
FC03-Session3-headMic-0139,FC03,control,THE FAMILY REQUESTS THAT FLOWERS BE OMITTED,,7,7,1.0,37,37,1.0,0.0,True
FC03-Session3-headMic-0141,FC03,control,WAS,SRES,1,1,1.0,3,3,1.0,1.3333333333333333,False
FC03-Session3-headMic-0142,FC03,control,WAS,LEST,1,1,1.0,3,3,1.0,1.3333333333333333,False
FC03-Session3-headMic-0143,FC03,control,TIP,AT,1,1,1.0,3,3,1.0,0.6666666666666666,False
FC03-Session3-headMic-0144,FC03,control,CORN,EFET,1,1,1.0,4,4,1.0,1.0,False
FC03-Session3-headMic-0145,FC03,control,WIVES,AMIS,1,1,1.0,4,5,0.8,0.8,False
FC03-Session3-headMic-0146,FC03,control,WAX,S,1,1,1.0,3,3,1.0,0.3333333333333333,False
FC03-Session3-headMic-0147,FC03,control,HE CAN'T ABIDE MISTAKES IN HIS OWN GAME,RS,8,8,1.0,31,32,0.96875,0.0625,False
FC03-Session3-headMic-0148,FC03,control,DASH,ISI,1,1,1.0,3,4,0.75,0.75,False
FC03-Session3-headMic-0149,FC03,control,ROW,NA,1,1,1.0,3,3,1.0,0.6666666666666666,False
FC03-Session3-headMic-0150,FC03,control,WIPE,LA,1,1,1.0,4,4,1.0,0.5,False
FC03-Session3-headMic-0151,FC03,control,SHORT,THA,1,1,1.0,4,5,0.8,0.6,False
FC03-Session3-headMic-0152,FC03,control,SORT,FT,1,1,1.0,3,4,0.75,0.5,False
FC03-Session3-headMic-0153,FC03,control,THAT,E,1,1,1.0,4,4,1.0,0.25,False
FC03-Session3-headMic-0154,FC03,control,LEAK,ET,1,1,1.0,3,4,0.75,0.5,False
FC03-Session3-headMic-0155,FC03,control,OWE,OT,1,1,1.0,2,3,0.6666666666666666,0.6666666666666666,False
FC03-Session3-headMic-0156,FC03,control,HE TOOK HEART AND PLAYED,THLOE,5,5,1.0,16,20,0.8,0.25,False
FC03-Session3-headMic-0157,FC03,control,THE STORE SERVES MEALS EVERY DAY,R   S   A,6,6,1.0,24,27,0.8888888888888888,0.1111111111111111,False
FC03-Session3-headMic-0158,FC03,control,CHALLENGE EACH GENERAL'S INTELLIGENCE,R,4,4,1.0,33,34,0.9705882352941176,0.029411764705882353,False
FC03-Session3-headMic-0159,FC03,control,WIN,ORE,1,1,1.0,3,3,1.0,1.0,False
FC03-Session3-headMic-0160,FC03,control,ACHE,ERT,1,1,1.0,4,4,1.0,0.75,False
FC03-Session3-headMic-0161,FC03,control,HAIL,F,1,1,1.0,4,4,1.0,0.25,False
FC03-Session3-headMic-0162,FC03,control,REGULAR ATTENDANCE IS SELDOM REQUIRED,S R R,5,5,1.0,30,33,0.9090909090909091,0.09090909090909091,False
FC03-Session3-headMic-0163,FC03,control,BLOW,AOR,1,1,1.0,3,4,0.75,0.75,False
FC03-Session3-headMic-0164,FC03,control,SINK,ST,1,1,1.0,3,4,0.75,0.5,False
FC03-Session3-headMic-0165,FC03,control,WE'VE DONE IT IN THE PAST,R E,6,6,1.0,19,20,0.95,0.1,False
FC03-Session3-headMic-0166,FC03,control,EYES,EEF,1,1,1.0,2,4,0.5,0.75,False
FC03-Session3-headMic-0167,FC03,control,WE'RE ALL DISAPPOINTED WITH OUR START,O,6,6,1.0,31,32,0.96875,0.03125,False
FC03-Session3-headMic-0168,FC03,control,CAKE,SI,1,1,1.0,4,4,1.0,0.5,False
FC03-Session3-headMic-0169,FC03,control,FORK,SRORO,1,1,1.0,3,4,0.75,1.25,False
FC03-Session3-headMic-0170,FC03,control,DID YOU EAT YET,EAEAED,4,4,1.0,9,12,0.75,0.5,False
FC03-Session3-headMic-0171,FC03,control,CONTINENTAL DRIFT IS A GEOLOGICAL THEORY,R   A,5,6,0.8333333333333334,33,35,0.9428571428571428,0.05714285714285714,False
FC03-Session3-headMic-0172,FC03,control,EAT YOUR RAISINS OUTDOORS ON THE PORCH STEPS,S OLA AO      S,8,8,1.0,33,37,0.8918918918918919,0.1891891891891892,False
FC03-Session3-headMic-0173,FC03,control,RISE,ROI,1,1,1.0,3,4,0.75,0.75,False
FC03-Session3-headMic-0174,FC03,control,WASTE,LIELEST,1,1,1.0,6,5,1.2,1.4,False
FC03-Session3-headMic-0175,FC03,control,LOW,IRL,1,1,1.0,3,3,1.0,1.0,False
FC03-Session3-headMic-0176,FC03,control,CORK,IRT,1,1,1.0,3,4,0.75,0.75,False
FC03-Session3-headMic-0177,FC03,control,PANT,E,1,1,1.0,4,4,1.0,0.25,False
FC03-Session3-headMic-0178,FC03,control,WHEN YOU ARE THROUGH WRITE A CLEAN REPORT,I,8,8,1.0,33,34,0.9705882352941176,0.029411764705882353,False
FC03-Session3-headMic-0179,FC03,control,HOLD,FOT,1,1,1.0,3,4,0.75,0.75,False
FC03-Session3-headMic-0180,FC03,control,HAT,OT,1,1,1.0,2,3,0.6666666666666666,0.6666666666666666,False
FC03-Session3-headMic-0181,FC03,control,HALL,HIO,1,1,1.0,3,4,0.75,0.75,False
FC03-Session3-headMic-0182,FC03,control,IT WAS A HUGE PART OF MY LIFE,A   A S,7,8,0.875,20,22,0.9090909090909091,0.13636363636363635,False
FC03-Session3-headMic-0183,FC03,control,IT WAS TIME TO GO UP MYSELF,L,7,7,1.0,20,21,0.9523809523809523,0.047619047619047616,False
FC03-Session3-headMic-0184,FC03,control,PAD,OT,1,1,1.0,3,3,1.0,0.6666666666666666,False
FC03-Session3-headMic-0185,FC03,control,SEED,FEEH,1,1,1.0,2,4,0.5,1.0,False
FC03-Session3-headMic-0186,FC03,control,WE GOT DRENCHED FROM THE UNINTERRUPTED RAIN,,7,7,1.0,37,37,1.0,0.0,True
FC03-Session3-headMic-0187,FC03,control,WE GOT DRENCHED FROM THE UNINTERRUPTED RAIN,A,7,7,1.0,36,37,0.972972972972973,0.02702702702702703,False
FC03-Session3-headMic-0188,FC03,control,WE GOT DRENCHED FROM THE UNINTERRUPTED RAIN,R,7,7,1.0,36,37,0.972972972972973,0.02702702702702703,False
FC03-Session3-headMic-0189,FC03,control,WISE,T,1,1,1.0,4,4,1.0,0.25,False
FC03-Session3-headMic-0190,FC03,control,WART,IORTT,1,1,1.0,3,4,0.75,1.25,False
FC03-Session3-headMic-0191,FC03,control,SHIP,SIR,1,1,1.0,2,4,0.5,0.75,False
FC03-Session3-headMic-0192,FC03,control,SHE WILL ORDER THE WINE,SLREE,5,5,1.0,14,19,0.7368421052631579,0.2631578947368421,False
FC03-Session3-headMic-0193,FC03,control,THE NEW HIGHWAY IS STRAIGHT AND EMPTY,L S,7,7,1.0,30,31,0.967741935483871,0.06451612903225806,False
FC03-Session3-headMic-0194,FC03,control,THE SNOW BLEW INTO LARGE DRIFTS,S OA  A,6,6,1.0,23,26,0.8846153846153846,0.15384615384615385,False
FC03-Session3-headMic-0195,FC03,control,DOCKS,LOIS,1,1,1.0,3,5,0.6,0.8,False
FC03-Session3-headMic-0196,FC03,control,HID,SLE,1,1,1.0,3,3,1.0,1.0,False
FC03-Session3-headMic-0197,FC03,control,PAD,A,1,1,1.0,2,3,0.6666666666666666,0.3333333333333333,False
FC03-Session3-headMic-0198,FC03,control,WINE,OOEH,1,1,1.0,4,4,1.0,1.0,False
FC03-Session3-headMic-0199,FC03,control,PINK,E,1,1,1.0,4,4,1.0,0.25,False
FC03-Session3-headMic-0200,FC03,control,FOLD,FOT,1,1,1.0,2,4,0.5,0.75,False
FC03-Session3-headMic-0201,FC03,control,WE KNEW WE WEREN'T DOING WELL,E,6,6,1.0,23,24,0.9583333333333334,0.041666666666666664,False
FC03-Session3-headMic-0202,FC03,control,YOU HAVE TO EXPECT A FEW BAD CALLS,A  S   S,7,8,0.875,25,27,0.9259259259259259,0.1111111111111111,False
FC03-Session3-headMic-0203,FC03,control,HALL,FHO,1,1,1.0,4,4,1.0,0.75,False
FC03-Session3-headMic-0204,FC03,control,PAT,IE,1,1,1.0,3,3,1.0,0.6666666666666666,False
FC03-Session3-headMic-0205,FC03,control,WEEP,REHT,1,1,1.0,3,4,0.75,1.0,False
FC03-Session3-headMic-0206,FC03,control,A FEW MAY BE HARD TO FIND,S  A  A  S,7,7,1.0,17,19,0.8947368421052632,0.21052631578947367,False
FC03-Session3-headMic-0207,FC03,control,TORT,OI,1,1,1.0,3,4,0.75,0.5,False
FC03-Session3-headMic-0208,FC03,control,CABLE CONFIRMATION IT SAID TRANSLATED,I,5,5,1.0,32,33,0.9696969696969697,0.030303030303030304,False
M05-Session1-headMic-0005,M05,moderate-to-severe,SWORE,SSR,1,1,1.0,3,5,0.6,0.6,False
M05-Session1-headMic-0006,M05,moderate-to-severe,TRAIN,O,1,1,1.0,5,5,1.0,0.2,False
M05-Session1-headMic-0007,M05,moderate-to-severe,UP,S,1,1,1.0,2,2,1.0,0.5,False
M05-Session1-headMic-0008,M05,moderate-to-severe,UP,IATH,1,1,1.0,4,2,2.0,2.0,False
M05-Session1-headMic-0009,M05,moderate-to-severe,TWICE EACH DAY HE PLAYS SKILLFULLY AND WITH ZEST UPON OUR SMALL ORGAN,SSSSS S S SSSSR RS,13,13,1.0,52,57,0.9122807017543859,0.24561403508771928,False
M05-Session1-headMic-0010,M05,moderate-to-severe,GIVING THOSE WHO OBSERVE HIM A PRONOUNCED FEELING OF THE UTMOST RESPECT,SS      S     R S,12,12,1.0,55,60,0.9166666666666666,0.08333333333333333,False
M05-Session1-headMic-0011,M05,moderate-to-severe,FEET,SI,1,1,1.0,4,4,1.0,0.5,False
M05-Session1-headMic-0012,M05,moderate-to-severe,SPARK,IIS,1,1,1.0,5,5,1.0,0.6,False
M05-Session1-headMic-0013,M05,moderate-to-severe,RACE,SRHEH,1,1,1.0,4,4,1.0,1.25,False
M05-Session1-headMic-0015,M05,moderate-to-severe,WELL HE IS NEARLY NINETY THREE YEARS OLD,S,8,8,1.0,32,33,0.9696969696969697,0.030303030303030304,False
M05-Session1-headMic-0016,M05,moderate-to-severe,BIT,LIITT,1,1,1.0,3,3,1.0,1.6666666666666667,False
M05-Session1-headMic-0017,M05,moderate-to-severe,SHEET,PII,1,1,1.0,5,5,1.0,0.6,False
M05-Session1-headMic-0018,M05,moderate-to-severe,CHAIR,FTI,1,1,1.0,4,5,0.8,0.6,False
M05-Session1-headMic-0019,M05,moderate-to-severe,A LONG FLOWING BEARD CLINGS TO HIS CHIN,R   R    S,8,8,1.0,30,32,0.9375,0.09375,False
M05-Session1-headMic-0020,M05,moderate-to-severe,EXCEPT IN THE WINTER WHEN THE OOZE OR SNOW OR ICE PREVENTS,SSS,12,12,1.0,45,47,0.9574468085106383,0.06382978723404255,False
M05-Session1-headMic-0021,M05,moderate-to-severe,SIP,SII,1,1,1.0,1,3,0.3333333333333333,1.0,False
M05-Session1-headMic-0022,M05,moderate-to-severe,STORM,RO,1,1,1.0,4,5,0.8,0.4,False
M05-Session1-headMic-0023,M05,moderate-to-severe,TRADE,SEEE,1,1,1.0,4,5,0.8,0.8,False
M05-Session1-headMic-0024,M05,moderate-to-severe,DAGGER,I,1,1,1.0,6,6,1.0,0.16666666666666666,False
M05-Session1-headMic-0025,M05,moderate-to-severe,FLOOR,SER,1,1,1.0,4,5,0.8,0.6,False
M05-Session1-headMic-0026,M05,moderate-to-severe,BUBBLE,SR,1,1,1.0,6,6,1.0,0.3333333333333333,False
M05-Session1-headMic-0027,M05,moderate-to-severe,WE HAVE OFTEN URGED HIM TO WALK MORE AND SMOKE LESS,S S,11,11,1.0,39,41,0.9512195121951219,0.04878048780487805,False
M05-Session1-headMic-0029,M05,moderate-to-severe,HORN,FRE,1,1,1.0,3,4,0.75,0.75,False
M05-Session1-headMic-0030,M05,moderate-to-severe,SLIP,EEE,1,1,1.0,4,4,1.0,0.75,False
M05-Session1-headMic-0031,M05,moderate-to-severe,SLIP,IS,1,1,1.0,3,4,0.75,0.5,False
M05-Session1-headMic-0032,M05,moderate-to-severe,LEFT,S,1,1,1.0,4,4,1.0,0.25,False
M05-Session1-headMic-0033,M05,moderate-to-severe,FORM,SS,1,1,1.0,4,4,1.0,0.5,False
M05-Session1-headMic-0034,M05,moderate-to-severe,RAVE,RA,1,1,1.0,2,4,0.5,0.5,False
M05-Session1-headMic-0035,M05,moderate-to-severe,DOWN,RA,1,1,1.0,4,4,1.0,0.5,False
M05-Session1-headMic-0036,M05,moderate-to-severe,FEED,E,1,1,1.0,3,4,0.75,0.25,False
M05-Session1-headMic-0037,M05,moderate-to-severe,CHAIR,II,1,1,1.0,4,5,0.8,0.4,False
M05-Session1-headMic-0039,M05,moderate-to-severe,TIP,A,1,1,1.0,3,3,1.0,0.3333333333333333,False
M05-Session1-headMic-0040,M05,moderate-to-severe,YES,ITH,1,1,1.0,3,3,1.0,1.0,False
M05-Session1-headMic-0041,M05,moderate-to-severe,ONE,,1,1,1.0,3,3,1.0,0.0,True
M05-Session1-headMic-0042,M05,moderate-to-severe,STUBBLE,LO S,2,1,2.0,7,7,1.0,0.42857142857142855,False
M05-Session1-headMic-0043,M05,moderate-to-severe,FEET,HI,1,1,1.0,4,4,1.0,0.5,False
M05-Session1-headMic-0044,M05,moderate-to-severe,STORE,OL,1,1,1.0,4,5,0.8,0.4,False
M05-Session1-headMic-0046,M05,moderate-to-severe,RAKE,,1,1,1.0,4,4,1.0,0.0,True
M05-Session1-headMic-0047,M05,moderate-to-severe,WARM,IRF,1,1,1.0,3,4,0.75,0.75,False
M05-Session1-headMic-0048,M05,moderate-to-severe,WARM,ARO,1,1,1.0,2,4,0.5,0.75,False
M05-Session1-headMic-0049,M05,moderate-to-severe,STORM,SRER,1,1,1.0,3,5,0.6,0.8,False
M05-Session1-headMic-0050,M05,moderate-to-severe,WEED,E,1,1,1.0,3,4,0.75,0.25,False
M05-Session1-headMic-0052,M05,moderate-to-severe,JACKET,AT,1,1,1.0,4,6,0.6666666666666666,0.3333333333333333,False
M05-Session1-headMic-0053,M05,moderate-to-severe,JACKET,SAE,1,1,1.0,4,6,0.6666666666666666,0.5,False
M05-Session1-headMic-0056,M05,moderate-to-severe,THE QUICK BROWN FOX JUMPS OVER THE LAZY DOG,S        S S,9,9,1.0,34,35,0.9714285714285714,0.08571428571428572,False
M05-Session1-headMic-0057,M05,moderate-to-severe,HE SLOWLY TAKES A SHORT WALK IN THE OPEN AIR EACH DAY,S S S,12,12,1.0,39,42,0.9285714285714286,0.07142857142857142,False
M05-Session1-headMic-0058,M05,moderate-to-severe,TORN,O,1,1,1.0,3,4,0.75,0.25,False
M05-Session1-headMic-0059,M05,moderate-to-severe,RANGE,I  R,2,1,2.0,5,5,1.0,0.4,False
M05-Session1-headMic-0060,M05,moderate-to-severe,SWARM,R,1,1,1.0,4,5,0.8,0.2,False
M05-Session1-headMic-0061,M05,moderate-to-severe,USUALLY MINUS SEVERAL BUTTONS,,4,4,1.0,26,26,1.0,0.0,True
M05-Session1-headMic-0062,M05,moderate-to-severe,YOU WISHED TO KNOW ALL ABOUT MY GRANDFATHER,S RS,8,8,1.0,34,36,0.9444444444444444,0.08333333333333333,False
M05-Session1-headMic-0063,M05,moderate-to-severe,BUG,LEEEE,1,1,1.0,5,3,1.6666666666666667,1.6666666666666667,False
M05-Session1-headMic-0064,M05,moderate-to-severe,BUG,E,1,1,1.0,3,3,1.0,0.3333333333333333,False
M05-Session1-headMic-0065,M05,moderate-to-severe,FARM,S,1,1,1.0,4,4,1.0,0.25,False
M05-Session1-headMic-0066,M05,moderate-to-severe,RIGHT,SRR,1,1,1.0,5,5,1.0,0.6,False
M05-Session1-headMic-0067,M05,moderate-to-severe,GLOW,AE,1,1,1.0,4,4,1.0,0.5,False
M05-Session1-headMic-0068,M05,moderate-to-severe,FEE,E,1,1,1.0,2,3,0.6666666666666666,0.3333333333333333,False
M05-Session1-headMic-0069,M05,moderate-to-severe,SIP,SHSTI,1,1,1.0,4,3,1.3333333333333333,1.6666666666666667,False
M05-Session1-headMic-0070,M05,moderate-to-severe,PARK,AIF,1,1,1.0,3,4,0.75,0.75,False
M05-Session1-headMic-0071,M05,moderate-to-severe,FAIR,FRIE,1,1,1.0,2,4,0.5,1.0,False
M05-Session1-headMic-0072,M05,moderate-to-severe,KNEW,,1,1,1.0,4,4,1.0,0.0,True
M05-Session1-headMic-0073,M05,moderate-to-severe,SIP,SAI,1,1,1.0,2,3,0.6666666666666666,1.0,False
M05-Session1-headMic-0074,M05,moderate-to-severe,WHEN HE SPEAKS HIS VOICE IS JUST A BIT CRACKED AND QUIVERS A TRIFLE,SSS,14,14,1.0,51,54,0.9444444444444444,0.05555555555555555,False
M05-Session1-headMic-0075,M05,moderate-to-severe,TROUBLE,R,1,1,1.0,6,7,0.8571428571428571,0.14285714285714285,False
M05-Session1-headMic-0076,M05,moderate-to-severe,TROUBLE,E,1,1,1.0,6,7,0.8571428571428571,0.14285714285714285,False
M05-Session1-headMic-0077,M05,moderate-to-severe,YET HE STILL THINKS AS SWIFTLY AS EVER,S  S S,8,8,1.0,28,31,0.9032258064516129,0.0967741935483871,False
M05-Session1-headMic-0078,M05,moderate-to-severe,DON'T ASK ME TO CARRY AN OILY RAG LIKE THAT,S  RS,10,10,1.0,32,34,0.9411764705882353,0.08823529411764706,False
M05-Session1-headMic-0079,M05,moderate-to-severe,BEAT,SEEE,1,1,1.0,3,4,0.75,1.0,False
M05-Session1-headMic-0080,M05,moderate-to-severe,FOR,H,1,1,1.0,3,3,1.0,0.3333333333333333,False
M05-Session1-headMic-0081,M05,moderate-to-severe,DOUBLE,O,1,1,1.0,5,6,0.8333333333333334,0.16666666666666666,False
M05-Session1-headMic-0082,M05,moderate-to-severe,BAT,,1,1,1.0,3,3,1.0,0.0,True
M05-Session1-headMic-0083,M05,moderate-to-severe,WARM,SE,1,1,1.0,4,4,1.0,0.5,False
M05-Session1-headMic-0084,M05,moderate-to-severe,KNEW,E,1,1,1.0,3,4,0.75,0.25,False
M05-Session1-headMic-0085,M05,moderate-to-severe,TWO,SO,1,1,1.0,2,3,0.6666666666666666,0.6666666666666666,False
M05-Session1-headMic-0086,M05,moderate-to-severe,PAT,,1,1,1.0,3,3,1.0,0.0,True
M05-Session1-headMic-0088,M05,moderate-to-severe,RAGE,E,1,1,1.0,3,4,0.75,0.25,False
M05-Session1-headMic-0089,M05,moderate-to-severe,HE DRESSES HIMSELF IN AN ANCIENT BLACK FROCK COAT,S    SSSRS,9,9,1.0,36,41,0.8780487804878049,0.14634146341463414,False
M05-Session1-headMic-0090,M05,moderate-to-severe,TRAIT,SE,1,1,1.0,5,5,1.0,0.4,False
M05-Session1-headMic-0092,M05,moderate-to-severe,GOAT,SO,1,1,1.0,3,4,0.75,0.5,False
M05-Session1-headMic-0093,M05,moderate-to-severe,NO,SF,1,1,1.0,2,2,1.0,1.0,False
M05-Session1-headMic-0094,M05,moderate-to-severe,BUT HE ALWAYS ANSWERS BANANA OIL,S,6,6,1.0,26,27,0.9629629629629629,0.037037037037037035,False
M05-Session1-headMic-0095,M05,moderate-to-severe,DUG,,1,1,1.0,3,3,1.0,0.0,True
M05-Session1-headMic-0096,M05,moderate-to-severe,BORN,A R,2,1,2.0,3,4,0.75,0.5,False
M05-Session1-headMic-0097,M05,moderate-to-severe,JAGGED,L AE,2,1,2.0,4,6,0.6666666666666666,0.5,False
M05-Session1-headMic-0099,M05,moderate-to-severe,RATE,O,1,1,1.0,4,4,1.0,0.25,False
M05-Session1-headMic-0100,M05,moderate-to-severe,RAID,EEEN,1,1,1.0,4,4,1.0,1.0,False
M05-Session1-headMic-0101,M05,moderate-to-severe,GRANDFATHER LIKES TO BE MODERN IN HIS LANGUAGE,S   S,8,8,1.0,37,39,0.9487179487179487,0.05128205128205128,False
M05-Session1-headMic-0102,M05,moderate-to-severe,CAR,SR,1,1,1.0,2,3,0.6666666666666666,0.6666666666666666,False
M05-Session1-headMic-0103,M05,moderate-to-severe,SWARM,O,1,1,1.0,5,5,1.0,0.2,False
M05-Session1-headMic-0104,M05,moderate-to-severe,SHE HAD YOUR DARK SUIT IN GREASY WASH WATER ALL YEAR,S S  S,11,11,1.0,39,42,0.9285714285714286,0.07142857142857142,False
M05-Session1-headMic-0105,M05,moderate-to-severe,CORN,AE,1,1,1.0,4,4,1.0,0.5,False
M05-Session1-headMic-0106,M05,moderate-to-severe,SHARE,ARAI,1,1,1.0,4,5,0.8,0.8,False
M05-Session1-headMic-0107,M05,moderate-to-severe,TRACE,I,1,1,1.0,5,5,1.0,0.2,False
M05-Session1-headMic-0108,M05,moderate-to-severe,STICKS,S,1,1,1.0,5,6,0.8333333333333334,0.16666666666666666,False
M05-Session1-headMic-0109,M05,moderate-to-severe,AIR,RE,1,1,1.0,3,3,1.0,0.6666666666666666,False
M05-Session1-headMic-0110,M05,moderate-to-severe,KNOW,I,1,1,1.0,4,4,1.0,0.25,False
M05-Session1-headMic-0111,M05,moderate-to-severe,BETA,,1,1,1.0,4,4,1.0,0.0,True
M05-Session1-headMic-0112,M05,moderate-to-severe,HAIR,EHR,1,1,1.0,3,4,0.75,0.75,False
M05-Session1-headMic-0113,M05,moderate-to-severe,MEAT,H,1,1,1.0,4,4,1.0,0.25,False
M05-Session1-headMic-0114,M05,moderate-to-severe,BEAT,ET,1,1,1.0,2,4,0.5,0.5,False
M05-Session1-headMic-0115,M05,moderate-to-severe,BEAT,S,1,1,1.0,4,4,1.0,0.25,False
M05-Session1-headMic-0116,M05,moderate-to-severe,ALPHA,AT,1,1,1.0,4,5,0.8,0.4,False
M05-Session1-headMic-0117,M05,moderate-to-severe,GADGET,AT,1,1,1.0,4,6,0.6666666666666666,0.3333333333333333,False
M05-Session1-headMic-0119,M05,moderate-to-severe,GROW,S  O,2,1,2.0,3,4,0.75,0.5,False
M05-Session1-headMic-0120,M05,moderate-to-severe,THE,,1,1,1.0,3,3,1.0,0.0,True
M05-Session1-headMic-0121,M05,moderate-to-severe,THE,S,1,1,1.0,3,3,1.0,0.3333333333333333,False
M05-Session1-headMic-0122,M05,moderate-to-severe,FEED,S,1,1,1.0,4,4,1.0,0.25,False
M05-Session1-headMic-0123,M05,moderate-to-severe,RAIN,OR,1,1,1.0,4,4,1.0,0.5,False
M05-Session1-headMic-0124,M05,moderate-to-severe,STICK,IP,1,1,1.0,4,5,0.8,0.4,False
M05-Session1-headMic-0126,M05,moderate-to-severe,AIR,AR,1,1,1.0,1,3,0.3333333333333333,0.6666666666666666,False
M05-Session1-headMic-0127,M05,moderate-to-severe,KNEE,E,1,1,1.0,3,4,0.75,0.25,False
M05-Session1-headMic-0128,M05,moderate-to-severe,SHIP,EEE,1,1,1.0,4,4,1.0,0.75,False
M05-Session1-headMic-0129,M05,moderate-to-severe,GO,OR,1,1,1.0,2,2,1.0,1.0,False
M05-Session1-headMic-0130,M05,moderate-to-severe,DARK,S,1,1,1.0,4,4,1.0,0.25,False
M05-Session2-headMic-0002,M05,moderate-to-severe,WHERE WERE YOU WHILE WE WERE AWAY,R,7,7,1.0,26,27,0.9629629629629629,0.037037037037037035,False
M05-Session2-headMic-0003,M05,moderate-to-severe,BOOT,FET,1,1,1.0,3,4,0.75,0.75,False
M05-Session2-headMic-0004,M05,moderate-to-severe,SLEEP,SI,1,1,1.0,4,5,0.8,0.4,False
M05-Session2-headMic-0005,M05,moderate-to-severe,EXPLORE,FOR,1,1,1.0,5,7,0.7142857142857143,0.42857142857142855,False
M05-Session2-headMic-0006,M05,moderate-to-severe,SWAY,SRA,1,1,1.0,2,4,0.5,0.75,False
M05-Session2-headMic-0007,M05,moderate-to-severe,SIGH,SHAE,1,1,1.0,3,4,0.75,1.0,False
M05-Session2-headMic-0008,M05,moderate-to-severe,I FEEL I CAN PLAY THIS WEEKEND,,7,7,1.0,24,24,1.0,0.0,True
M05-Session2-headMic-0009,M05,moderate-to-severe,ROOT,E,1,1,1.0,4,4,1.0,0.25,False
M05-Session2-headMic-0010,M05,moderate-to-severe,LIGHT,TA,1,1,1.0,5,5,1.0,0.4,False
M05-Session2-headMic-0011,M05,moderate-to-severe,CHARLIE,,1,1,1.0,7,7,1.0,0.0,True
M05-Session2-headMic-0012,M05,moderate-to-severe,KNOW,ALOO,1,1,1.0,3,4,0.75,1.0,False
M05-Session2-headMic-0013,M05,moderate-to-severe,HE WILL ALLOW A RARE LIE,I,6,6,1.0,18,19,0.9473684210526315,0.05263157894736842,False
M05-Session2-headMic-0014,M05,moderate-to-severe,SUIT,S,1,1,1.0,3,4,0.75,0.25,False
M05-Session2-headMic-0016,M05,moderate-to-severe,WHOOP,NO,1,1,1.0,4,5,0.8,0.4,False
M05-Session2-headMic-0017,M05,moderate-to-severe,PRIOR,AEE,1,1,1.0,5,5,1.0,0.6,False
M05-Session2-headMic-0018,M05,moderate-to-severe,PRIOR,RR E,2,1,2.0,4,5,0.8,0.6,False
M05-Session2-headMic-0019,M05,moderate-to-severe,THIS WAS EASY FOR US,A,5,5,1.0,15,16,0.9375,0.0625,False
M05-Session2-headMic-0020,M05,moderate-to-severe,NO,LO,1,1,1.0,1,2,0.5,1.0,False
M05-Session2-headMic-0021,M05,moderate-to-severe,KNOT,OTT,1,1,1.0,3,4,0.75,0.75,False
M05-Session2-headMic-0022,M05,moderate-to-severe,COUPE,FE,1,1,1.0,4,5,0.8,0.4,False
M05-Session2-headMic-0023,M05,moderate-to-severe,ROCKS,O,1,1,1.0,4,5,0.8,0.2,False
M05-Session2-headMic-0024,M05,moderate-to-severe,AIR,E,1,1,1.0,3,3,1.0,0.3333333333333333,False
M05-Session2-headMic-0025,M05,moderate-to-severe,GALORE,OR,1,1,1.0,4,6,0.6666666666666666,0.3333333333333333,False
M05-Session2-headMic-0026,M05,moderate-to-severe,MY SISTER MADE THE FLOWERED CURTAINS,S,6,6,1.0,30,31,0.967741935483871,0.03225806451612903,False
M05-Session2-headMic-0027,M05,moderate-to-severe,ONE VALIDATED ACTS OF SCHOOL DISTRICTS,S     S,6,6,1.0,31,33,0.9393939393939394,0.06060606060606061,False
M05-Session2-headMic-0028,M05,moderate-to-severe,YOU'RE USED TO BEING ON THE FIELD,S     O,7,7,1.0,25,27,0.9259259259259259,0.07407407407407407,False
M05-Session2-headMic-0029,M05,moderate-to-severe,PAT,ESE,1,1,1.0,3,3,1.0,1.0,False
M05-Session2-headMic-0030,M05,moderate-to-severe,BAD,AE,1,1,1.0,2,3,0.6666666666666666,0.6666666666666666,False
M05-Session2-headMic-0031,M05,moderate-to-severe,SUIT,SSI,1,1,1.0,2,4,0.5,0.75,False
M05-Session2-headMic-0032,M05,moderate-to-severe,DEER,IE,1,1,1.0,3,4,0.75,0.5,False
M05-Session2-headMic-0033,M05,moderate-to-severe,SHEAR,SEEE,1,1,1.0,3,5,0.6,0.8,False
M05-Session2-headMic-0034,M05,moderate-to-severe,SINGLE,SEE,1,1,1.0,4,6,0.6666666666666666,0.5,False
M05-Session2-headMic-0035,M05,moderate-to-severe,MUCH,RASE,1,1,1.0,4,4,1.0,1.0,False
M05-Session2-headMic-0037,M05,moderate-to-severe,GROUP,RO,1,1,1.0,3,5,0.6,0.4,False
M05-Session2-headMic-0038,M05,moderate-to-severe,IF YOU DESTROY CONFIDENCE IN BANKS YOU DO SOMETHING TO THE ECONOMY HE SAID,S             S,14,14,1.0,59,61,0.9672131147540983,0.03278688524590164,False
M05-Session2-headMic-0039,M05,moderate-to-severe,FATE,ET,1,1,1.0,3,4,0.75,0.5,False
M05-Session2-headMic-0040,M05,moderate-to-severe,SPRINKLE,SEEO,1,1,1.0,7,8,0.875,0.5,False
M05-Session2-headMic-0041,M05,moderate-to-severe,PILE,I E,2,1,2.0,2,4,0.5,0.5,False
M05-Session2-headMic-0042,M05,moderate-to-severe,MOTHER SEWS YELLOW GINGHAM APRONS,A,5,5,1.0,28,29,0.9655172413793104,0.034482758620689655,False
M05-Session2-headMic-0043,M05,moderate-to-severe,MOTHER SEWS YELLOW GINGHAM APRONS,S  S S,5,5,1.0,26,29,0.896551724137931,0.10344827586206896,False
M05-Session2-headMic-0044,M05,moderate-to-severe,FOUR,OORN,1,1,1.0,3,4,0.75,1.0,False
M05-Session2-headMic-0045,M05,moderate-to-severe,URGENT,AANEE,1,1,1.0,5,6,0.8333333333333334,0.8333333333333334,False
M05-Session2-headMic-0046,M05,moderate-to-severe,SIGH,SHIIEE,1,1,1.0,4,4,1.0,1.5,False
M05-Session2-headMic-0047,M05,moderate-to-severe,ROCK,ROIE,1,1,1.0,2,4,0.5,1.0,False
M05-Session2-headMic-0048,M05,moderate-to-severe,PAY,NLEIAND,1,1,1.0,6,3,2.0,2.3333333333333335,False
M05-Session2-headMic-0049,M05,moderate-to-severe,THE ISLANDS ARE SPARSELY POPULATED,E,5,5,1.0,29,30,0.9666666666666667,0.03333333333333333,False
M05-Session2-headMic-0050,M05,moderate-to-severe,ERROR,,1,1,1.0,5,5,1.0,0.0,True
M05-Session2-headMic-0051,M05,moderate-to-severe,BOTH FIGURES WOULD GO HIGHER IN LATER YEARS,A,8,8,1.0,35,36,0.9722222222222222,0.027777777777777776,False
M05-Session2-headMic-0052,M05,moderate-to-severe,AREA,EEE,1,1,1.0,3,4,0.75,0.75,False
M05-Session2-headMic-0053,M05,moderate-to-severe,AREA,IE,1,1,1.0,3,4,0.75,0.5,False
M05-Session2-headMic-0054,M05,moderate-to-severe,MERE,EE,1,1,1.0,2,4,0.5,0.5,False
M05-Session2-headMic-0055,M05,moderate-to-severe,WHY YELL OR WORRY OVER SILLY ITEMS,S,7,7,1.0,27,28,0.9642857142857143,0.03571428571428571,False
M05-Session2-headMic-0056,M05,moderate-to-severe,WHY YELL OR WORRY OVER SILLY ITEMS,A     R,7,7,1.0,27,28,0.9642857142857143,0.07142857142857142,False
M05-Session2-headMic-0057,M05,moderate-to-severe,WE GATHERED SHELLS ON THE BEACH,S S,6,6,1.0,24,26,0.9230769230769231,0.07692307692307693,False
M05-Session2-headMic-0058,M05,moderate-to-severe,HEAR,IEE,1,1,1.0,3,4,0.75,0.75,False
M05-Session2-headMic-0059,M05,moderate-to-severe,POT,T,1,1,1.0,2,3,0.6666666666666666,0.3333333333333333,False
M05-Session2-headMic-0061,M05,moderate-to-severe,BAT,TAEE,1,1,1.0,3,3,1.0,1.3333333333333333,False
M05-Session2-headMic-0062,M05,moderate-to-severe,CHEER,SHAIEAE,1,1,1.0,5,5,1.0,1.4,False
M05-Session2-headMic-0063,M05,moderate-to-severe,OF,NA,1,1,1.0,2,2,1.0,1.0,False
M05-Session2-headMic-0064,M05,moderate-to-severe,FLOOR,SO,1,1,1.0,4,5,0.8,0.4,False
M05-Session2-headMic-0065,M05,moderate-to-severe,THIGH,AE,1,1,1.0,5,5,1.0,0.4,False
M05-Session2-headMic-0066,M05,moderate-to-severe,BRIGHT SUNSHINE SHIMMERS ON THE OCEAN,S  S  S  S,6,6,1.0,28,32,0.875,0.125,False
M05-Session2-headMic-0067,M05,moderate-to-severe,STEER,SA,1,1,1.0,4,5,0.8,0.4,False
M05-Session2-headMic-0068,M05,moderate-to-severe,I TRIED TO TELL PEOPLE IN THE COMMUNITY,,8,8,1.0,32,32,1.0,0.0,True
M05-Session2-headMic-0069,M05,moderate-to-severe,CYCLE,SEI EE,2,1,2.0,4,5,0.8,1.0,False
M05-Session2-headMic-0070,M05,moderate-to-severe,HATE,AT,1,1,1.0,2,4,0.5,0.5,False
M05-Session2-headMic-0071,M05,moderate-to-severe,FORWARD,LSLOE,1,1,1.0,7,7,1.0,0.7142857142857143,False
M05-Session2-headMic-0072,M05,moderate-to-severe,DOT,AT,1,1,1.0,2,3,0.6666666666666666,0.6666666666666666,False
M05-Session2-headMic-0073,M05,moderate-to-severe,ATE,TEEE,1,1,1.0,3,3,1.0,1.3333333333333333,False
M05-Session2-headMic-0074,M05,moderate-to-severe,WRITE,ORE E,2,1,2.0,3,5,0.6,0.8,False
M05-Session2-headMic-0075,M05,moderate-to-severe,FRUIT,R,1,1,1.0,4,5,0.8,0.2,False
M05-Session2-headMic-0076,M05,moderate-to-severe,SHE IS THINNER THAN I AM,S S    SS,6,6,1.0,17,19,0.8947368421052632,0.21052631578947367,False
M05-Session2-headMic-0077,M05,moderate-to-severe,PAD,EE,1,1,1.0,3,3,1.0,0.6666666666666666,False
M05-Session2-headMic-0078,M05,moderate-to-severe,THEY CARRIED ME OFF ON THE STRETCHER,A,7,7,1.0,29,30,0.9666666666666667,0.03333333333333333,False
M05-Session2-headMic-0079,M05,moderate-to-severe,SLAY,SEIE,1,1,1.0,3,4,0.75,1.0,False
M05-Session2-headMic-0081,M05,moderate-to-severe,BRIAR,I,1,1,1.0,4,5,0.8,0.2,False
M05-Session2-headMic-0082,M05,moderate-to-severe,THEIR HOUSE IS GREY AND WHITE,S,6,6,1.0,23,24,0.9583333333333334,0.041666666666666664,False
M05-Session2-headMic-0083,M05,moderate-to-severe,TOOT,TIT,1,1,1.0,2,4,0.5,0.75,False
M05-Session2-headMic-0084,M05,moderate-to-severe,GNAW,NA,1,1,1.0,2,4,0.5,0.5,False
M05-Session2-headMic-0085,M05,moderate-to-severe,THE TRAIN APPROACHED THE DEPOT SLOWLY,R   S,6,6,1.0,30,32,0.9375,0.0625,False
M05-Session2-headMic-0086,M05,moderate-to-severe,ATE,EA,1,1,1.0,3,3,1.0,0.6666666666666666,False
M05-Session2-headMic-0087,M05,moderate-to-severe,ARE YOUR GRADES HIGHER OR LOWER THAN NANCY'S,S S S  S,8,8,1.0,35,37,0.9459459459459459,0.10810810810810811,False
M05-Session2-headMic-0088,M05,moderate-to-severe,I SCRUBBED THE FLOORS THOROUGHLY,S,5,5,1.0,27,28,0.9642857142857143,0.03571428571428571,False
M05-Session2-headMic-0089,M05,moderate-to-severe,DELTA,N,1,1,1.0,5,5,1.0,0.2,False
M05-Session2-headMic-0090,M05,moderate-to-severe,SIGH,SH,1,1,1.0,2,4,0.5,0.5,False
M05-Session2-headMic-0091,M05,moderate-to-severe,NOTHING IS AS OFFENSIVE AS INNOCENCE,S,6,6,1.0,30,31,0.967741935483871,0.03225806451612903,False
M05-Session2-headMic-0092,M05,moderate-to-severe,MENU,EE,1,1,1.0,3,4,0.75,0.5,False
M05-Session2-headMic-0095,M05,moderate-to-severe,TIE,SLAI,1,1,1.0,4,3,1.3333333333333333,1.3333333333333333,False
M05-Session2-headMic-0096,M05,moderate-to-severe,LIP,EIER,1,1,1.0,3,3,1.0,1.3333333333333333,False
M05-Session2-headMic-0097,M05,moderate-to-severe,LIP,EE,1,1,1.0,3,3,1.0,0.6666666666666666,False
M05-Session2-headMic-0098,M05,moderate-to-severe,HERE,TEEE,1,1,1.0,2,4,0.5,1.0,False
M05-Session2-headMic-0099,M05,moderate-to-severe,SELECT,S EAE AES,3,1,3.0,4,6,0.6666666666666666,1.1666666666666667,False
M05-Session2-headMic-0100,M05,moderate-to-severe,JANE MAY EARN MORE MONEY BY WORKING HARD,,8,8,1.0,33,33,1.0,0.0,True
M05-Session2-headMic-0101,M05,moderate-to-severe,THE HUMIDITY IS OVERWHELMING THERE,,5,5,1.0,30,30,1.0,0.0,True
M05-Session2-headMic-0102,M05,moderate-to-severe,EVERYTHING WENT REAL SMOOTH THE SHERIFF SAID,SS,7,7,1.0,36,38,0.9473684210526315,0.05263157894736842,False
M05-Session2-headMic-0103,M05,moderate-to-severe,WITCH,ESH,1,1,1.0,4,5,0.8,0.6,False
M05-Session2-headMic-0104,M05,moderate-to-severe,NEAR,E AE EE,3,1,3.0,4,4,1.0,1.25,False
M05-Session2-headMic-0105,M05,moderate-to-severe,WRITE,R I,2,1,2.0,3,5,0.6,0.4,False
M05-Session2-headMic-0106,M05,moderate-to-severe,THOUGH,EE,1,1,1.0,6,6,1.0,0.3333333333333333,False
M05-Session2-headMic-0107,M05,moderate-to-severe,I JUST TRY TO DO MY BEST,,7,7,1.0,18,18,1.0,0.0,True
M05-Session2-headMic-0108,M05,moderate-to-severe,YES,EES,1,1,1.0,1,3,0.3333333333333333,1.0,False
M05-Session2-headMic-0109,M05,moderate-to-severe,SLIP,SEE,1,1,1.0,3,4,0.75,0.75,False
M05-Session2-headMic-0110,M05,moderate-to-severe,TILE,EIEN,1,1,1.0,3,4,0.75,1.0,False
M05-Session2-headMic-0111,M05,moderate-to-severe,WISH,OS,1,1,1.0,3,4,0.75,0.5,False
M05-Session2-headMic-0112,M05,moderate-to-severe,JUNGLE,A O A,3,1,3.0,6,6,1.0,0.5,False
M05-Session2-headMic-0113,M05,moderate-to-severe,WERE,R  S,2,1,2.0,3,4,0.75,0.5,False
M05-Session2-headMic-0114,M05,moderate-to-severe,WE'RE,E,1,1,1.0,4,5,0.8,0.2,False
M05-Session2-headMic-0115,M05,moderate-to-severe,THREE,S S E,3,1,3.0,4,5,0.8,0.6,False
M05-Session2-headMic-0116,M05,moderate-to-severe,SIDE,S A,2,1,2.0,3,4,0.75,0.5,False
M05-Session2-headMic-0119,M05,moderate-to-severe,SLIP,SI,1,1,1.0,2,4,0.5,0.5,False
M05-Session2-headMic-0120,M05,moderate-to-severe,BAD,,1,1,1.0,3,3,1.0,0.0,True
M05-Session2-headMic-0121,M05,moderate-to-severe,TROOP,AIE,1,1,1.0,5,5,1.0,0.6,False
M05-Session2-headMic-0122,M05,moderate-to-severe,JUST ONE SIDE GOT WET,,5,5,1.0,17,17,1.0,0.0,True
M05-Session2-headMic-0123,M05,moderate-to-severe,PLAY,FE,1,1,1.0,4,4,1.0,0.5,False
M05-Session2-headMic-0124,M05,moderate-to-severe,I WAS CONSCIOUS ALL THE TIME,,6,6,1.0,23,23,1.0,0.0,True
M05-Session2-headMic-0125,M05,moderate-to-severe,KNEW,EEAA E,2,1,2.0,5,4,1.25,1.25,False
M05-Session2-headMic-0126,M05,moderate-to-severe,PEER,TEE,1,1,1.0,2,4,0.5,0.75,False
M05-Session2-headMic-0127,M05,moderate-to-severe,FEAR,AEA,1,1,1.0,2,4,0.5,0.75,False
M05-Session2-headMic-0128,M05,moderate-to-severe,TWO OTHER CASES ALSO WERE UNDER ADVISEMENT,S         S,7,7,1.0,34,36,0.9444444444444444,0.05555555555555555,False
M05-Session2-headMic-0129,M05,moderate-to-severe,BACK,ASE,1,1,1.0,3,4,0.75,0.75,False
M05-Session2-headMic-0130,M05,moderate-to-severe,I LOOKED UP AND NOTICED TWO OLD MEN,O,8,8,1.0,27,28,0.9642857142857143,0.03571428571428571,False
M05-Session2-headMic-0131,M05,moderate-to-severe,ALL THE BIG BASEBALL PLAYERS GET TRADED,,7,7,1.0,33,33,1.0,0.0,True
M05-Session2-headMic-0132,M05,moderate-to-severe,SHOOT,SEE,1,1,1.0,4,5,0.8,0.6,False
M05-Session2-headMic-0133,M05,moderate-to-severe,BEAR,EIE,1,1,1.0,3,4,0.75,0.75,False
M05-Session2-headMic-0134,M05,moderate-to-severe,SNOOP,ESRE,1,1,1.0,5,5,1.0,0.8,False
M05-Session2-headMic-0135,M05,moderate-to-severe,WILL ROBIN WEAR A YELLOW LILY,R,6,6,1.0,23,24,0.9583333333333334,0.041666666666666664,False
M05-Session2-headMic-0136,M05,moderate-to-severe,LOOP,SHI,1,1,1.0,4,4,1.0,0.75,False
M05-Session2-headMic-0137,M05,moderate-to-severe,DROOP,,1,1,1.0,5,5,1.0,0.0,True
M05-Session2-headMic-0138,M05,moderate-to-severe,YOU'D BE BETTER OFF TAKING A COLD SHOWER,SSR,8,8,1.0,31,33,0.9393939393939394,0.09090909090909091,False
M05-Session2-headMic-0139,M05,moderate-to-severe,MUT,E,1,1,1.0,3,3,1.0,0.3333333333333333,False
M05-Session2-headMic-0140,M05,moderate-to-severe,PRETTY,AI,1,1,1.0,6,6,1.0,0.3333333333333333,False
M05-Session2-headMic-0141,M05,moderate-to-severe,PITTING,E E S,3,1,3.0,7,7,1.0,0.42857142857142855,False
M05-Session2-headMic-0142,M05,moderate-to-severe,PITTING,SEEE,1,1,1.0,7,7,1.0,0.5714285714285714,False
M05-Session2-headMic-0143,M05,moderate-to-severe,PITTING,EE,1,1,1.0,7,7,1.0,0.2857142857142857,False
M05-Session2-headMic-0144,M05,moderate-to-severe,TOP,LIT,1,1,1.0,3,3,1.0,1.0,False
M05-Session2-headMic-0145,M05,moderate-to-severe,HE FURTHER PROPOSED GRANTS OF AN UNSPECIFIED SUM FOR EXPERIMENTAL HOSPITALS,S,11,11,1.0,64,65,0.9846153846153847,0.015384615384615385,False
M05-Session2-headMic-0146,M05,moderate-to-severe,HE FURTHER PROPOSED GRANTS OF AN UNSPECIFIED SUM FOR EXPERIMENTAL HOSPITALS,S S S S  SS,11,11,1.0,59,65,0.9076923076923077,0.09230769230769231,False
M05-Session2-headMic-0147,M05,moderate-to-severe,ALFALFA IS HEALTHY FOR YOU,,5,5,1.0,22,22,1.0,0.0,True
M05-Session2-headMic-0148,M05,moderate-to-severe,FILL,FEE,1,1,1.0,3,4,0.75,0.75,False
M05-Session2-headMic-0149,M05,moderate-to-severe,SIX,SIA,1,1,1.0,1,3,0.3333333333333333,1.0,False
M05-Session2-headMic-0150,M05,moderate-to-severe,ALUMINUM SILVERWARE CAN OFTEN BE FLIMSY,,6,6,1.0,34,34,1.0,0.0,True
M05-Session2-headMic-0151,M05,moderate-to-severe,HE WRAPPED THE PACKAGE HASTILY,,5,5,1.0,26,26,1.0,0.0,True
M05-Session2-headMic-0152,M05,moderate-to-severe,THE BOX CONTAINED THREE SWEATERS,S S,5,5,1.0,26,28,0.9285714285714286,0.07142857142857142,False
M05-Session2-headMic-0153,M05,moderate-to-severe,HILL,TET,1,1,1.0,4,4,1.0,0.75,False
M05-Session2-headMic-0154,M05,moderate-to-severe,SHY,SEAIAE,1,1,1.0,5,3,1.6666666666666667,2.0,False
M05-Session2-headMic-0155,M05,moderate-to-severe,THE MUSEUM HIRES MUSICIANS EVERY EVENING,S  S,6,6,1.0,33,35,0.9428571428571428,0.05714285714285714,False
M05-Session2-headMic-0156,M05,moderate-to-severe,KILO,SERLL,1,1,1.0,4,4,1.0,1.25,False
M05-Session2-headMic-0157,M05,moderate-to-severe,START,SE,1,1,1.0,4,5,0.8,0.4,False
M05-Session2-headMic-0158,M05,moderate-to-severe,BIT,EIET,1,1,1.0,2,3,0.6666666666666666,1.3333333333333333,False
M05-Session2-headMic-0159,M05,moderate-to-severe,BITTEN,EA E,2,1,2.0,5,6,0.8333333333333334,0.5,False
M05-Session2-headMic-0160,M05,moderate-to-severe,DARN,EE,1,1,1.0,4,4,1.0,0.5,False
M05-Session2-headMic-0161,M05,moderate-to-severe,GOLF,NOE,1,1,1.0,3,4,0.75,0.75,False
M05-Session2-headMic-0162,M05,moderate-to-severe,FAT,S,1,1,1.0,3,3,1.0,0.3333333333333333,False
M05-Session2-headMic-0163,M05,moderate-to-severe,THE LITTLE SCHOOLHOUSE STOOD EMPTY,A     S,5,5,1.0,29,30,0.9666666666666667,0.06666666666666667,False
M05-Session2-headMic-0164,M05,moderate-to-severe,LEAK,SET,1,1,1.0,3,4,0.75,0.75,False
M05-Session2-headMic-0165,M05,moderate-to-severe,IT EVENTUALLY BECAME A RATHER PROUD CLAIM,A        R,6,7,0.8571428571428571,33,35,0.9428571428571428,0.05714285714285714,False
M05-Session2-headMic-0166,M05,moderate-to-severe,FOXTROT,AS,1,1,1.0,7,7,1.0,0.2857142857142857,False
M05-Session2-headMic-0167,M05,moderate-to-severe,SPIT,SIE,1,1,1.0,2,4,0.5,0.75,False
M05-Session2-headMic-0168,M05,moderate-to-severe,MUSH,RLI S,2,1,2.0,4,4,1.0,1.0,False
M05-Session2-headMic-0169,M05,moderate-to-severe,LEAK,NEAE,1,1,1.0,2,4,0.5,1.0,False
M05-Session2-headMic-0170,M05,moderate-to-severe,I EXPECT WE'LL BOUNCE BACK THIS WEEK,S E   S,7,7,1.0,28,30,0.9333333333333333,0.1,False
M05-Session2-headMic-0171,M05,moderate-to-severe,BRAWN,R,1,1,1.0,4,5,0.8,0.2,False
M05-Session2-headMic-0172,M05,moderate-to-severe,MUCH,ES,1,1,1.0,4,4,1.0,0.5,False
M05-Session2-headMic-0173,M05,moderate-to-severe,AT,AETT,1,1,1.0,2,2,1.0,2.0,False
M05-Session2-headMic-0174,M05,moderate-to-severe,KNITTING,ES,1,1,1.0,8,8,1.0,0.25,False
M05-Session2-headMic-0175,M05,moderate-to-severe,KITTEN,FA,1,1,1.0,6,6,1.0,0.3333333333333333,False
M05-Session2-headMic-0176,M05,moderate-to-severe,ALIMONY HARMS A DIVORCED MAN'S WEALTH,S   S,6,6,1.0,30,32,0.9375,0.0625,False
M05-Session2-headMic-0177,M05,moderate-to-severe,NO,SL,1,1,1.0,2,2,1.0,1.0,False
M05-Session2-headMic-0178,M05,moderate-to-severe,WITCH,SE,1,1,1.0,5,5,1.0,0.4,False
M05-Session2-headMic-0179,M05,moderate-to-severe,THIS IS A PERIOD OF TRANSITION FOR ME,S S SS,8,8,1.0,27,30,0.9,0.13333333333333333,False
M05-Session2-headMic-0180,M05,moderate-to-severe,OSCAR,A   OR,2,1,2.0,4,5,0.8,0.6,False
M05-Session2-headMic-0181,M05,moderate-to-severe,TELL,RN,1,1,1.0,4,4,1.0,0.5,False
M05-Session2-headMic-0182,M05,moderate-to-severe,WE RODE HORSEBACK TO THE FARM,S,6,6,1.0,23,24,0.9583333333333334,0.041666666666666664,False
M05-Session2-headMic-0183,M05,moderate-to-severe,HAT,EHAT,1,1,1.0,1,3,0.3333333333333333,1.3333333333333333,False
M05-Session2-headMic-0184,M05,moderate-to-severe,HIM,TE,1,1,1.0,3,3,1.0,0.6666666666666666,False
M05-Session2-headMic-0185,M05,moderate-to-severe,HUM,,1,1,1.0,3,3,1.0,0.0,True
M05-Session2-headMic-0186,M05,moderate-to-severe,IT ALSO PROVIDES FOR FUNDS TO CLEAR SLUMS AND HELP COLLEGES BUILD DORMITORIES,S RO    S   SS,13,13,1.0,59,65,0.9076923076923077,0.09230769230769231,False
M05-Session2-headMic-0187,M05,moderate-to-severe,LIMA,II,1,1,1.0,3,4,0.75,0.5,False
M05-Session2-headMic-0188,M05,moderate-to-severe,RICH,EEA  S,2,1,2.0,4,4,1.0,1.0,False
M05-Session2-headMic-0189,M05,moderate-to-severe,BEFORE THURSDAY'S EXAM REVIEW EVERY FORMULA,S R,6,6,1.0,36,38,0.9473684210526315,0.05263157894736842,False
M05-Session2-headMic-0190,M05,moderate-to-severe,JULIET,EIE A,2,1,2.0,4,6,0.6666666666666666,0.6666666666666666,False
M05-Session2-headMic-0191,M05,moderate-to-severe,CART,EAS,1,1,1.0,3,4,0.75,0.75,False
M05-Session2-headMic-0192,M05,moderate-to-severe,SWING YOUR ARM AS HIGH AS YOU CAN,S       S,8,8,1.0,24,26,0.9230769230769231,0.07692307692307693,False
M05-Session2-headMic-0193,M05,moderate-to-severe,NINE,ERA,1,1,1.0,4,4,1.0,0.75,False
M05-Session2-headMic-0194,M05,moderate-to-severe,MIKE,EEET,1,1,1.0,4,4,1.0,1.0,False
M05-Session2-headMic-0195,M05,moderate-to-severe,PIT,SIE,1,1,1.0,2,3,0.6666666666666666,1.0,False
M05-Session2-headMic-0196,M05,moderate-to-severe,WITTY,RASE,1,1,1.0,5,5,1.0,0.8,False
M05-Session2-headMic-0197,M05,moderate-to-severe,THERE IS A TREEHOUSE UP ABOVE,,6,6,1.0,24,24,1.0,0.0,True
M05-Session2-headMic-0198,M05,moderate-to-severe,DART,EET,1,1,1.0,3,4,0.75,0.75,False
M05-Session2-headMic-0199,M05,moderate-to-severe,MITTEN,RS,1,1,1.0,6,6,1.0,0.3333333333333333,False
M05-Session2-headMic-0200,M05,moderate-to-severe,BLOW,IR,1,1,1.0,4,4,1.0,0.5,False
M05-Session2-headMic-0201,M05,moderate-to-severe,IT WAS A GOOD WIN FOR US,,7,7,1.0,18,18,1.0,0.0,True
M05-Session2-headMic-0202,M05,moderate-to-severe,SIGN,E,1,1,1.0,4,4,1.0,0.25,False
M05-Session2-headMic-0203,M05,moderate-to-severe,FIVE,SREE,1,1,1.0,3,4,0.75,1.0,False
M05-Session2-headMic-0204,M05,moderate-to-severe,THE JOB PROVIDES MANY BENEFITS,R,5,5,1.0,25,26,0.9615384615384616,0.038461538461538464,False
M05-Session2-headMic-0205,M05,moderate-to-severe,SPARK,SLE,1,1,1.0,4,5,0.8,0.6,False
M05-Session2-headMic-0206,M05,moderate-to-severe,HEART,LLEE,1,1,1.0,5,5,1.0,0.8,False
M05-Session2-headMic-0207,M05,moderate-to-severe,THE BOOKS ARE VERY EXPENSIVE,S       S,5,5,1.0,22,24,0.9166666666666666,0.08333333333333333,False
M05-Session2-headMic-0208,M05,moderate-to-severe,SITTING,SIE,1,1,1.0,5,7,0.7142857142857143,0.42857142857142855,False
M05-Session2-headMic-0209,M05,moderate-to-severe,AT,LAIE,1,1,1.0,3,2,1.5,2.0,False
M05-Session2-headMic-0210,M05,moderate-to-severe,HARK,TT,1,1,1.0,4,4,1.0,0.5,False
M05-Session2-headMic-0211,M05,moderate-to-severe,ECHO,ATL,1,1,1.0,4,4,1.0,0.75,False
M05-Session2-headMic-0212,M05,moderate-to-severe,BOTH INJURIES WERE TO THE SAME LEG,R   S,7,7,1.0,26,28,0.9285714285714286,0.07142857142857142,False
M05-Session2-headMic-0213,M05,moderate-to-severe,I HAVE HAD MY BELL RUNG,R R,6,6,1.0,17,18,0.9444444444444444,0.1111111111111111,False
M05-Session2-headMic-0214,M05,moderate-to-severe,HIM,A,1,1,1.0,3,3,1.0,0.3333333333333333,False
M05-Session2-headMic-0215,M05,moderate-to-severe,IF YOU ARE LOSING WATER REPLACE IT IMMEDIATELY,,8,8,1.0,39,39,1.0,0.0,True
M05-Session2-headMic-0216,M05,moderate-to-severe,WHEN ALL ELSE FAILS USE FORCE,S,6,6,1.0,23,24,0.9583333333333334,0.041666666666666664,False
M05-Session2-headMic-0217,M05,moderate-to-severe,THORN,SL,1,1,1.0,5,5,1.0,0.4,False
M05-Session2-headMic-0219,M05,moderate-to-severe,DAY AFTER DAY SOME NEW EPISODE IS REPORTED,SS,8,8,1.0,33,35,0.9428571428571428,0.05714285714285714,False
M05-Session2-headMic-0220,M05,moderate-to-severe,PAPA,,1,1,1.0,4,4,1.0,0.0,True
M05-Session2-headMic-0221,M05,moderate-to-severe,PAPA,E,1,1,1.0,4,4,1.0,0.25,False
M05-Session2-headMic-0222,M05,moderate-to-severe,CAKE,IT,1,1,1.0,4,4,1.0,0.5,False
M05-Session2-headMic-0223,M05,moderate-to-severe,NOVEMBER,R,1,1,1.0,7,8,0.875,0.125,False
M05-Session2-headMic-0224,M05,moderate-to-severe,CHOP,HSI,1,1,1.0,3,4,0.75,0.75,False
M05-Session2-headMic-0225,M05,moderate-to-severe,LAIR,NA,1,1,1.0,3,4,0.75,0.5,False
M05-Session2-headMic-0226,M05,moderate-to-severe,EIGHT,AIN,1,1,1.0,4,5,0.8,0.6,False
M05-Session2-headMic-0227,M05,moderate-to-severe,PARK,TE,1,1,1.0,4,4,1.0,0.5,False
M05-Session2-headMic-0228,M05,moderate-to-severe,SEVEN,SEIE,1,1,1.0,2,5,0.4,0.8,False
M05-Session2-headMic-0229,M05,moderate-to-severe,SEED,SI,1,1,1.0,3,4,0.75,0.5,False
M05-Session2-headMic-0230,M05,moderate-to-severe,WRITTEN,E,1,1,1.0,6,7,0.8571428571428571,0.14285714285714285,False
M05-Session2-headMic-0231,M05,moderate-to-severe,BLOAT,O,1,1,1.0,4,5,0.8,0.2,False
M05-Session2-headMic-0232,M05,moderate-to-severe,BARN,AE,1,1,1.0,3,4,0.75,0.5,False
M05-Session2-headMic-0233,M05,moderate-to-severe,AND,NE,1,1,1.0,2,3,0.6666666666666666,0.6666666666666666,False
M05-Session2-headMic-0234,M05,moderate-to-severe,HARP,AT,1,1,1.0,3,4,0.75,0.5,False
M05-Session2-headMic-0235,M05,moderate-to-severe,QUEBEC,SEEE,1,1,1.0,4,6,0.6666666666666666,0.6666666666666666,False
M05-Session2-headMic-0236,M05,moderate-to-severe,THE MISGUIDED SOULS HAVE LOST THEIR WAY,SR,7,7,1.0,31,33,0.9393939393939394,0.06060606060606061,False
M05-Session2-headMic-0237,M05,moderate-to-severe,SIGH,S RA E,3,1,3.0,3,4,0.75,1.0,False
M05-Session2-headMic-0238,M05,moderate-to-severe,STUDENTS WATCHED AS HE GOT OUT,S  SS,6,6,1.0,22,25,0.88,0.12,False
M05-Session2-headMic-0239,M05,moderate-to-severe,THE DOLPHINS SWAM AROUND OUR BOAT,S,6,6,1.0,27,28,0.9642857142857143,0.03571428571428571,False
M05-Session2-headMic-0240,M05,moderate-to-severe,HOTEL,ATE,1,1,1.0,3,5,0.6,0.6,False
M05-Session2-headMic-0242,M05,moderate-to-severe,NOTHING HAS BEEN DONE YET TO TAKE ADVANTAGE OF THE ENABLING LEGISLATION,S,12,12,1.0,59,60,0.9833333333333333,0.016666666666666666,False
M05-Session2-headMic-0243,M05,moderate-to-severe,NIGHT AFTER NIGHT THEY RECEIVED ANNOYING PHONE CALLS,S S,8,8,1.0,44,45,0.9777777777777777,0.044444444444444446,False
M05-Session2-headMic-0244,M05,moderate-to-severe,PART,EAED,1,1,1.0,3,4,0.75,1.0,False
M05-Session2-headMic-0245,M05,moderate-to-severe,ZERO,I,1,1,1.0,4,4,1.0,0.25,False
M05-Session2-headMic-0246,M05,moderate-to-severe,A ROLL OF WIRE LAY NEAR THE WALL,,8,8,1.0,25,25,1.0,0.0,True
M05-Session2-headMic-0247,M05,moderate-to-severe,VAT,LAS,1,1,1.0,2,3,0.6666666666666666,1.0,False
M05-Session2-headMic-0248,M05,moderate-to-severe,SIDE,SIHH,1,1,1.0,2,4,0.5,1.0,False
M05-Session2-headMic-0249,M05,moderate-to-severe,FAT,ATAT,1,1,1.0,2,3,0.6666666666666666,1.3333333333333333,False
M05-Session2-headMic-0250,M05,moderate-to-severe,HEM,A,1,1,1.0,3,3,1.0,0.3333333333333333,False
M05-Session2-headMic-0251,M05,moderate-to-severe,BROUGHT,LEO,1,1,1.0,6,7,0.8571428571428571,0.42857142857142855,False
M05-Session2-headMic-0252,M05,moderate-to-severe,CITY,SSIA,1,1,1.0,4,4,1.0,1.0,False
M05-Session2-headMic-0253,M05,moderate-to-severe,LEAGUE,EAEE,1,1,1.0,3,6,0.5,0.6666666666666666,False
M05-Session2-headMic-0254,M05,moderate-to-severe,LICK,DI,1,1,1.0,3,4,0.75,0.5,False
M05-Session2-headMic-0255,M05,moderate-to-severe,DARK,OR,1,1,1.0,3,4,0.75,0.5,False
M05-Session2-headMic-0256,M05,moderate-to-severe,SHE WORE WARM FLEECY WOOLEN OVERALLS,S S S    O,6,6,1.0,29,31,0.9354838709677419,0.12903225806451613,False
M05-Session2-headMic-0257,M05,moderate-to-severe,SEEDS,TIIS,1,1,1.0,4,5,0.8,0.8,False
M05-Session2-headMic-0258,M05,moderate-to-severe,SPAIN,SE,1,1,1.0,4,5,0.8,0.4,False
M05-Session2-headMic-0259,M05,moderate-to-severe,YES,AAES,1,1,1.0,2,3,0.6666666666666666,1.3333333333333333,False
M05-Session2-headMic-0260,M05,moderate-to-severe,THIS IS NOT A PROGRAM OF SOCIALIZED MEDICINE,S     RR   SSS,8,8,1.0,33,37,0.8918918918918919,0.16216216216216217,False
M05-Session2-headMic-0261,M05,moderate-to-severe,SERGEANT,I  E,2,1,2.0,7,8,0.875,0.25,False
M05-Session2-headMic-0262,M05,moderate-to-severe,LEAK,EEET,1,1,1.0,3,4,0.75,1.0,False
M05-Session2-headMic-0263,M05,moderate-to-severe,TAKE,S,1,1,1.0,4,4,1.0,0.25,False
M05-Session2-headMic-0264,M05,moderate-to-severe,LOYAL,IA,1,1,1.0,4,5,0.8,0.4,False
M05-Session2-headMic-0265,M05,moderate-to-severe,CARL LIVES IN A LIVELY HOME,I,6,6,1.0,21,22,0.9545454545454546,0.045454545454545456,False
M05-Session2-headMic-0266,M05,moderate-to-severe,REEK,REE,1,1,1.0,1,4,0.25,0.75,False
M05-Session2-headMic-0267,M05,moderate-to-severe,SELL,ISAE,1,1,1.0,4,4,1.0,1.0,False
M05-Session2-headMic-0268,M05,moderate-to-severe,PIT,TAET,1,1,1.0,3,3,1.0,1.3333333333333333,False
M05-Session2-headMic-0269,M05,moderate-to-severe,THOUGHT,TE,1,1,1.0,6,7,0.8571428571428571,0.2857142857142857,False
M05-Session2-headMic-0270,M05,moderate-to-severe,FITTING,EEE E,2,1,2.0,7,7,1.0,0.5714285714285714,False
M05-Session2-headMic-0271,M05,moderate-to-severe,HITTING,EE,1,1,1.0,7,7,1.0,0.2857142857142857,False
M05-Session2-headMic-0272,M05,moderate-to-severe,LITTER,EHEE,1,1,1.0,5,6,0.8333333333333334,0.6666666666666666,False
M05-Session2-headMic-0273,M05,moderate-to-severe,ROMEO,EELL,1,1,1.0,5,5,1.0,0.8,False
M05-Session2-headMic-0274,M05,moderate-to-severe,THE PROSPECT OF CUTTING BACK SPENDING IS AN UNPLEASANT ONE FOR ANY GOVERNOR,S      S      R  R,13,13,1.0,59,63,0.9365079365079365,0.06349206349206349,False
M05-Session2-headMic-0275,M05,moderate-to-severe,DID DAD DO ACADEMIC BIDDING,E,5,5,1.0,22,23,0.9565217391304348,0.043478260869565216,False
M05-Session2-headMic-0276,M05,moderate-to-severe,SOME HOTELS ARE AVAILABLE NEARBY,,5,5,1.0,28,28,1.0,0.0,True
M05-Session2-headMic-0277,M05,moderate-to-severe,SPIT,SEE,1,1,1.0,3,4,0.75,0.75,False
M05-Session2-headMic-0278,M05,moderate-to-severe,X RAY,R R  E,3,2,1.5,3,4,0.75,0.75,False
M05-Session2-headMic-0279,M05,moderate-to-severe,A GOOD ATTITUDE IS UNBEATABLE,,5,5,1.0,25,25,1.0,0.0,True
M05-Session2-headMic-0280,M05,moderate-to-severe,IN,R,1,1,1.0,2,2,1.0,0.5,False
M05-Session2-headMic-0281,M05,moderate-to-severe,AND,REE,1,1,1.0,3,3,1.0,1.0,False
M05-Session2-headMic-0282,M05,moderate-to-severe,THOSE MUSICIANS HARMONIZE MARVELOUSLY,S S S   S   S,5,4,1.25,30,34,0.8823529411764706,0.14705882352941177,False
M05-Session2-headMic-0283,M05,moderate-to-severe,SHIP,SEI,1,1,1.0,2,4,0.5,0.75,False
M05-Session2-headMic-0284,M05,moderate-to-severe,WIT,OE,1,1,1.0,3,3,1.0,0.6666666666666666,False
M05-Session2-headMic-0285,M05,moderate-to-severe,HAM,N,1,1,1.0,3,3,1.0,0.3333333333333333,False
M05-Session2-headMic-0286,M05,moderate-to-severe,THE OWNERS REGULARLY LOOK FOR PLUMBING LEAKS,SS,7,7,1.0,36,38,0.9473684210526315,0.05263157894736842,False
M05-Session2-headMic-0287,M05,moderate-to-severe,WHITE CAPPED WAVES COVERED THE ENTIRE BAY,R       S,7,7,1.0,34,35,0.9714285714285714,0.05714285714285714,False
M05-Session2-headMic-0288,M05,moderate-to-severe,SITTER,SII,1,1,1.0,4,6,0.6666666666666666,0.5,False
M05-Session2-headMic-0289,M05,moderate-to-severe,RIGHT,O,1,1,1.0,5,5,1.0,0.2,False
M05-Session2-headMic-0290,M05,moderate-to-severe,HIM,AE,1,1,1.0,3,3,1.0,0.6666666666666666,False
M05-Session2-headMic-0291,M05,moderate-to-severe,THE WAIT FOR WORK CAN BE VERY DO IT AGAIN,,10,10,1.0,32,32,1.0,0.0,True
M05-Session2-headMic-0292,M05,moderate-to-severe,THE WAIT FOR WORK CAN BE VERY LONG,,8,8,1.0,27,27,1.0,0.0,True
M05-Session2-headMic-0293,M05,moderate-to-severe,SIN,SIE,1,1,1.0,1,3,0.3333333333333333,1.0,False
M05-Session2-headMic-0294,M05,moderate-to-severe,SIERRA,II A,2,1,2.0,4,6,0.6666666666666666,0.5,False
M05-Session2-headMic-0295,M05,moderate-to-severe,WICKED,LLE,1,1,1.0,5,6,0.8333333333333334,0.5,False
M05-Session2-headMic-0296,M05,moderate-to-severe,UP,A,1,1,1.0,2,2,1.0,0.5,False
M05-Session2-headMic-0297,M05,moderate-to-severe,UNIFORM,E OO,2,1,2.0,6,7,0.8571428571428571,0.42857142857142855,False
M05-Session2-headMic-0298,M05,moderate-to-severe,SAND,SSEA,1,1,1.0,3,4,0.75,1.0,False
M05-Session2-headMic-0299,M05,moderate-to-severe,SIN,SS AIE,2,1,2.0,3,3,1.0,1.6666666666666667,False
M05-Session2-headMic-0301,M05,moderate-to-severe,WHISKY,H,1,1,1.0,5,6,0.8333333333333334,0.16666666666666666,False
M05-Session2-headMic-0302,M05,moderate-to-severe,SING,RRII,1,1,1.0,4,4,1.0,1.0,False
M05-Session2-headMic-0304,M05,moderate-to-severe,DOWN,H,1,1,1.0,4,4,1.0,0.25,False
M05-Session2-headMic-0305,M05,moderate-to-severe,HE REALLY CRUCIFIED HIM HE NAILED IT FOR A YARD LOSS,,11,11,1.0,42,42,1.0,0.0,True
M05-Session2-headMic-0306,M05,moderate-to-severe,BEST,IS,1,1,1.0,3,4,0.75,0.5,False
M05-Session2-headMic-0307,M05,moderate-to-severe,WE HAVE AN EXCELLENT TEAM,A,5,5,1.0,20,21,0.9523809523809523,0.047619047619047616,False
M05-Session2-headMic-0308,M05,moderate-to-severe,ROCK,RAECEE,1,1,1.0,4,4,1.0,1.5,False
M05-Session2-headMic-0309,M05,moderate-to-severe,ZIP,HAIAIT,1,1,1.0,5,3,1.6666666666666667,2.0,False
M05-Session2-headMic-0310,M05,moderate-to-severe,SIT,SSIEAE,1,1,1.0,4,3,1.3333333333333333,2.0,False
M05-Session2-headMic-0311,M05,moderate-to-severe,YES,ISE,1,1,1.0,3,3,1.0,1.0,False
M05-Session2-headMic-0313,M05,moderate-to-severe,NOBODY REALLY EXPECTS TO EVACUATE,S  S,5,5,1.0,28,29,0.9655172413793104,0.06896551724137931,False
M05-Session2-headMic-0314,M05,moderate-to-severe,NOBODY REALLY EXPECTS TO EVACUATE,,5,5,1.0,29,29,1.0,0.0,True
M05-Session2-headMic-0315,M05,moderate-to-severe,TREAD,EI,1,1,1.0,4,5,0.8,0.4,False
M05-Session2-headMic-0316,M05,moderate-to-severe,YANKEE,ISE,1,1,1.0,5,6,0.8333333333333334,0.5,False
M05-Session2-headMic-0317,M05,moderate-to-severe,BITTER,EEE,1,1,1.0,5,6,0.8333333333333334,0.5,False
M05-Session2-headMic-0318,M05,moderate-to-severe,TANGO,OL,1,1,1.0,5,5,1.0,0.4,False
M05-Session2-headMic-0319,M05,moderate-to-severe,SIP,ISIP,1,1,1.0,1,3,0.3333333333333333,1.3333333333333333,False
M05-Session2-headMic-0320,M05,moderate-to-severe,WE BOUGHT A BROWN CHAIR,S,5,5,1.0,19,19,1.0,0.05263157894736842,False
M05-Session2-headMic-0321,M05,moderate-to-severe,BEG THAT GUARD FOR ONE GALLON OF GAS,S,8,8,1.0,28,29,0.9655172413793104,0.034482758620689655,False
M05-Session2-headMic-0322,M05,moderate-to-severe,KNOT,T,1,1,1.0,3,4,0.75,0.25,False
M05-Session2-headMic-0323,M05,moderate-to-severe,DRESS,ISES,1,1,1.0,3,5,0.6,0.8,False
M05-Session2-headMic-0324,M05,moderate-to-severe,WICKER,O,1,1,1.0,6,6,1.0,0.16666666666666666,False
M05-Session2-headMic-0325,M05,moderate-to-severe,NED,EDE,1,1,1.0,2,3,0.6666666666666666,1.0,False
M05-Session2-headMic-0326,M05,moderate-to-severe,CHIP,CSH,1,1,1.0,3,4,0.75,0.75,False
M05-Session2-headMic-0327,M05,moderate-to-severe,DREAD,IEED,1,1,1.0,3,5,0.6,0.8,False
M05-Session2-headMic-0328,M05,moderate-to-severe,SAID,SSE,1,1,1.0,3,4,0.75,0.75,False
M05-Session2-headMic-0329,M05,moderate-to-severe,NEST,TE,1,1,1.0,3,4,0.75,0.5,False
M05-Session2-headMic-0345,M05,moderate-to-severe,QUICKER,ITT,1,1,1.0,6,7,0.8571428571428571,0.42857142857142855,False
M05-Session2-headMic-0362,M05,moderate-to-severe,SELL,SIEA,1,1,1.0,3,4,0.75,1.0,False
M05-Session2-headMic-0363,M05,moderate-to-severe,RED,EE,1,1,1.0,2,3,0.6666666666666666,0.6666666666666666,False
M05-Session2-headMic-0364,M05,moderate-to-severe,HAND,TA,1,1,1.0,3,4,0.75,0.5,False
M05-Session2-headMic-0365,M05,moderate-to-severe,IT'S FUN TO ROAST MARSHMALLOWS ON A GAS BURNER,S      S,9,9,1.0,36,38,0.9473684210526315,0.05263157894736842,False
M05-Session2-headMic-0366,M05,moderate-to-severe,FORK,FO,1,1,1.0,2,4,0.5,0.5,False
M05-Session2-headMic-0367,M05,moderate-to-severe,BEING ABLE TO DANCE CAN HELP TOO,A         R,7,7,1.0,25,26,0.9615384615384616,0.07692307692307693,False
M05-Session2-headMic-0368,M05,moderate-to-severe,GET A CALICO CAT TO KEEP,S,6,6,1.0,19,19,1.0,0.05263157894736842,False
M05-Session2-headMic-0369,M05,moderate-to-severe,I'M WILLING TO EXPERIMENT FOR THE FIRST TIME,S S,8,8,1.0,36,37,0.972972972972973,0.05405405405405406,False
M05-Session2-headMic-0370,M05,moderate-to-severe,EACH ONE VOLUNTEERED TO JUMP FIRST,S         S,6,6,1.0,28,29,0.9655172413793104,0.06896551724137931,False
M05-Session2-headMic-0371,M05,moderate-to-severe,BED,EA,1,1,1.0,2,3,0.6666666666666666,0.6666666666666666,False
M05-Session2-headMic-0372,M05,moderate-to-severe,WITCH,RROSC,1,1,1.0,5,5,1.0,1.0,False
M05-Session2-headMic-0373,M05,moderate-to-severe,WITCH,SSH,1,1,1.0,4,5,0.8,0.6,False
M05-Session2-headMic-0374,M05,moderate-to-severe,A,AT,1,1,1.0,1,1,1.0,2.0,False
M05-Session2-headMic-0375,M05,moderate-to-severe,NO,E,1,1,1.0,2,2,1.0,0.5,False
M05-Session2-headMic-0376,M05,moderate-to-severe,SLICKER,SAIA,1,1,1.0,5,7,0.7142857142857143,0.5714285714285714,False
M05-Session2-headMic-0378,M05,moderate-to-severe,KNOT,,1,1,1.0,4,4,1.0,0.0,True
M05-Session2-headMic-0379,M05,moderate-to-severe,KNOT,TS,1,1,1.0,4,4,1.0,0.5,False
M05-Session2-headMic-0380,M05,moderate-to-severe,DEAD,EEE,1,1,1.0,3,4,0.75,0.75,False
M05-Session2-headMic-0381,M05,moderate-to-severe,ALTHOUGH ALWAYS AGAIN AGAIN,S,4,4,1.0,23,24,0.9583333333333334,0.041666666666666664,False
M05-Session2-headMic-0382,M05,moderate-to-severe,ALTHOUGH ALWAYS ALONE WE SURVIVE,R,5,5,1.0,27,28,0.9642857142857143,0.03571428571428571,False
M05-Session2-headMic-0383,M05,moderate-to-severe,YOU CAN RIDE STAGECOACH,OL S,4,4,1.0,18,20,0.9,0.15,False
M05-Session2-headMic-0384,M05,moderate-to-severe,SINK,SEIE,1,1,1.0,3,4,0.75,1.0,False
M05-Session2-headMic-0385,M05,moderate-to-severe,ONLY LAWYERS LOVE MILLIONAIRES,S S,4,4,1.0,25,27,0.9259259259259259,0.07407407407407407,False
M05-Session2-headMic-0386,M05,moderate-to-severe,VICTOR,A,1,1,1.0,6,6,1.0,0.16666666666666666,False
M05-Session2-headMic-0387,M05,moderate-to-severe,HE IS DEFINITELY A NOTCH ABOVE US,S    SS,7,7,1.0,25,27,0.9259259259259259,0.1111111111111111,False
M05-Session2-headMic-0388,M05,moderate-to-severe,TICKER,TET,1,1,1.0,4,6,0.6666666666666666,0.5,False
M05-Session2-headMic-0389,M05,moderate-to-severe,THE HOTEL MAN,AS,3,3,1.0,10,11,0.9090909090909091,0.18181818181818182,False
M05-Session2-headMic-0390,M05,moderate-to-severe,THE HOTEL OWNER SHRUGGED,R     S,4,4,1.0,19,21,0.9047619047619048,0.09523809523809523,False
M05-Session2-headMic-0391,M05,moderate-to-severe,ONE,TAE,1,1,1.0,2,3,0.6666666666666666,1.0,False
M05-Session2-headMic-0392,M05,moderate-to-severe,GLITTER,E,1,1,1.0,6,7,0.8571428571428571,0.14285714285714285,False
M05-Session2-headMic-0393,M05,moderate-to-severe,THE PAIR OF SHOES WAS NEW,S,6,6,1.0,19,20,0.95,0.05,False
MC04-Session1-headMic-0005,MC04,control,JACKET,A,1,1,1.0,5,6,0.8333333333333334,0.16666666666666666,False
MC04-Session1-headMic-0006,MC04,control,SWARM,SI,1,1,1.0,4,5,0.8,0.4,False
MC04-Session1-headMic-0007,MC04,control,TRADE,FRAEE,1,1,1.0,2,5,0.4,1.0,False
MC04-Session1-headMic-0008,MC04,control,TRAIN,SO,1,1,1.0,5,5,1.0,0.4,False
MC04-Session1-headMic-0010,MC04,control,STUBBLE,S,1,1,1.0,6,7,0.8571428571428571,0.14285714285714285,False
MC04-Session1-headMic-0011,MC04,control,YES,TIIS,1,1,1.0,3,3,1.0,1.3333333333333333,False
MC04-Session1-headMic-0012,MC04,control,DON'T ASK ME TO CARRY AN OILY RAG LIKE THAT,,10,10,1.0,34,34,1.0,0.0,True
MC04-Session1-headMic-0013,MC04,control,BORN,E,1,1,1.0,4,4,1.0,0.25,False
MC04-Session1-headMic-0014,MC04,control,BEAT,A,1,1,1.0,3,4,0.75,0.25,False
MC04-Session1-headMic-0015,MC04,control,RAKE,IIHT,1,1,1.0,4,4,1.0,1.0,False
MC04-Session1-headMic-0016,MC04,control,BUT HE ALWAYS ANSWERS BANANA OIL,,6,6,1.0,27,27,1.0,0.0,True
MC04-Session1-headMic-0017,MC04,control,HAIR,THAR,1,1,1.0,2,4,0.5,1.0,False
MC04-Session1-headMic-0018,MC04,control,JAGGED,AE,1,1,1.0,4,6,0.6666666666666666,0.3333333333333333,False
MC04-Session1-headMic-0019,MC04,control,PARK,IS,1,1,1.0,4,4,1.0,0.5,False
MC04-Session1-headMic-0020,MC04,control,RAIN,FE,1,1,1.0,4,4,1.0,0.5,False
MC04-Session1-headMic-0021,MC04,control,CHAIR,I,1,1,1.0,4,5,0.8,0.2,False
MC04-Session1-headMic-0022,MC04,control,CHAIR,PIR,1,1,1.0,3,5,0.6,0.6,False
MC04-Session1-headMic-0023,MC04,control,SHE HAD YOUR DARK SUIT IN GREASY WASH WATER ALL YEAR,,11,11,1.0,42,42,1.0,0.0,True
MC04-Session1-headMic-0024,MC04,control,TRAIT,ET,1,1,1.0,4,5,0.8,0.4,False
MC04-Session1-headMic-0025,MC04,control,RANGE,LNE,1,1,1.0,3,5,0.6,0.6,False
MC04-Session1-headMic-0026,MC04,control,WHEN HE SPEAKS HIS VOICE IS JUST A BIT CRACKED AND QUIVERS A TRIFLE,SH     RR,14,14,1.0,50,54,0.9259259259259259,0.07407407407407407,False
MC04-Session1-headMic-0027,MC04,control,WHEN HE SPEAKS HIS VOICE IS JUST A BIT CRACKED AND QUIVERS A TRIFLE,RR,14,14,1.0,52,54,0.9629629629629629,0.037037037037037035,False
MC04-Session1-headMic-0028,MC04,control,GLOW,R,1,1,1.0,4,4,1.0,0.25,False
MC04-Session1-headMic-0029,MC04,control,FEE,SEET,1,1,1.0,2,3,0.6666666666666666,1.3333333333333333,False
MC04-Session1-headMic-0030,MC04,control,GRANDFATHER LIKES TO BE MODERN IN HIS LANGUAGE,AR,8,8,1.0,37,39,0.9487179487179487,0.05128205128205128,False
MC04-Session1-headMic-0031,MC04,control,EXCEPT IN THE WINTER WHEN THE OOZE OR SNOW OR ICE PREVENTS,S,12,12,1.0,46,47,0.9787234042553191,0.02127659574468085,False
MC04-Session1-headMic-0032,MC04,control,RIGHT,OT,1,1,1.0,4,5,0.8,0.4,False
MC04-Session1-headMic-0033,MC04,control,WE HAVE OFTEN URGED HIM TO WALK MORE AND SMOKE LESS,LR R,11,11,1.0,39,41,0.9512195121951219,0.07317073170731707,False
MC04-Session1-headMic-0034,MC04,control,STORE,I,1,1,1.0,5,5,1.0,0.2,False
MC04-Session1-headMic-0035,MC04,control,FEET,SIHPA,1,1,1.0,5,4,1.25,1.25,False
MC04-Session1-headMic-0036,MC04,control,THE QUICK BROWN FOX JUMPS OVER THE LAZY DOG,S   R,9,9,1.0,33,35,0.9428571428571428,0.05714285714285714,False
MC04-Session1-headMic-0037,MC04,control,BAT,ET,1,1,1.0,2,3,0.6666666666666666,0.6666666666666666,False
MC04-Session1-headMic-0038,MC04,control,DUG,E,1,1,1.0,3,3,1.0,0.3333333333333333,False
MC04-Session1-headMic-0039,MC04,control,TRACE,IH,1,1,1.0,5,5,1.0,0.4,False
MC04-Session1-headMic-0040,MC04,control,CORN,HOO,1,1,1.0,3,4,0.75,0.75,False
MC04-Session1-headMic-0041,MC04,control,AIR,T,1,1,1.0,3,3,1.0,0.3333333333333333,False
MC04-Session1-headMic-0042,MC04,control,WARM,T,1,1,1.0,4,4,1.0,0.25,False
MC04-Session1-headMic-0043,MC04,control,TIP,IT,1,1,1.0,2,3,0.6666666666666666,0.6666666666666666,False
MC04-Session1-headMic-0044,MC04,control,FEED,SLE,1,1,1.0,3,4,0.75,0.75,False
MC04-Session1-headMic-0045,MC04,control,WARM,IET,1,1,1.0,4,4,1.0,0.75,False
MC04-Session1-headMic-0046,MC04,control,RAVE,REF,1,1,1.0,3,4,0.75,0.75,False
MC04-Session1-headMic-0047,MC04,control,BUG,E,1,1,1.0,3,3,1.0,0.3333333333333333,False
MC04-Session1-headMic-0048,MC04,control,KNEW,RR,1,1,1.0,4,4,1.0,0.5,False
MC04-Session1-headMic-0049,MC04,control,GROW,ITP,1,1,1.0,4,4,1.0,0.75,False
MC04-Session1-headMic-0051,MC04,control,SLIP,SLAP,1,1,1.0,1,4,0.25,1.0,False
MC04-Session1-headMic-0052,MC04,control,DAGGER,AR,1,1,1.0,4,6,0.6666666666666666,0.3333333333333333,False
MC04-Session1-headMic-0053,MC04,control,KNEW,ROAR,1,1,1.0,4,4,1.0,1.0,False
MC04-Session1-headMic-0054,MC04,control,SWORE,SOAE,1,1,1.0,2,5,0.4,0.8,False
MC04-Session1-headMic-0055,MC04,control,GADGET,TIRLD,1,1,1.0,6,6,1.0,0.8333333333333334,False
MC04-Session1-headMic-0056,MC04,control,TORN,RET,1,1,1.0,4,4,1.0,0.75,False
MC04-Session1-headMic-0057,MC04,control,DARK,AT,1,1,1.0,3,4,0.75,0.5,False
MC04-Session1-headMic-0058,MC04,control,FAIR,ARS,1,1,1.0,3,4,0.75,0.75,False
MC04-Session1-headMic-0059,MC04,control,SIP,SIP,0,1,0.0,0,3,0.0,1.0,False
MC04-Session1-headMic-0060,MC04,control,STICKS,SISP,1,1,1.0,4,6,0.6666666666666666,0.6666666666666666,False
MC04-Session1-headMic-0062,MC04,control,CAR,IA,1,1,1.0,2,3,0.6666666666666666,0.6666666666666666,False
MC04-Session1-headMic-0063,MC04,control,STICK,IS,1,1,1.0,4,5,0.8,0.4,False
MC04-Session1-headMic-0064,MC04,control,SIP,SI,1,1,1.0,1,3,0.3333333333333333,0.6666666666666666,False
MC04-Session1-headMic-0065,MC04,control,AIR,A,1,1,1.0,2,3,0.6666666666666666,0.3333333333333333,False
MC04-Session1-headMic-0066,MC04,control,SHEET,SE,1,1,1.0,3,5,0.6,0.4,False
MC04-Session1-headMic-0067,MC04,control,DOWN,HANT,1,1,1.0,4,4,1.0,1.0,False
MC04-Session1-headMic-0068,MC04,control,KNEE,O,1,1,1.0,4,4,1.0,0.25,False
MC04-Session1-headMic-0069,MC04,control,PAT,IT,1,1,1.0,2,3,0.6666666666666666,0.6666666666666666,False
MC04-Session1-headMic-0071,MC04,control,RAGE,AE,1,1,1.0,2,4,0.5,0.5,False
MC04-Session1-headMic-0072,MC04,control,HE DRESSES HIMSELF IN AN ANCIENT BLACK FROCK COAT,S  R,9,9,1.0,39,41,0.9512195121951219,0.04878048780487805,False
MC04-Session1-headMic-0073,MC04,control,A LONG FLOWING BEARD CLINGS TO HIS CHIN,R,8,8,1.0,31,32,0.96875,0.03125,False
MC04-Session1-headMic-0074,MC04,control,TROUBLE,O,1,1,1.0,6,7,0.8571428571428571,0.14285714285714285,False
MC04-Session1-headMic-0075,MC04,control,RAID,ETT,1,1,1.0,4,4,1.0,0.75,False
MC04-Session1-headMic-0076,MC04,control,STORM,SIT,1,1,1.0,4,5,0.8,0.6,False
MC04-Session1-headMic-0077,MC04,control,LEFT,ES,1,1,1.0,3,4,0.75,0.5,False
MC04-Session1-headMic-0079,MC04,control,SHARE,IHAI,1,1,1.0,3,5,0.6,0.8,False
MC04-Session1-headMic-0080,MC04,control,SPARK,SIEN,1,1,1.0,4,5,0.8,0.8,False
MC04-Session1-headMic-0081,MC04,control,DOUBLE,FI,1,1,1.0,6,6,1.0,0.3333333333333333,False
MC04-Session1-headMic-0082,MC04,control,BUBBLE,,1,1,1.0,6,6,1.0,0.0,True
MC04-Session1-headMic-0083,MC04,control,USUALLY MINUS SEVERAL BUTTONS,A       S,4,4,1.0,24,26,0.9230769230769231,0.07692307692307693,False
MC04-Session1-headMic-0084,MC04,control,YOU WISHED TO KNOW ALL ABOUT MY GRANDFATHER,L    L,8,8,1.0,34,36,0.9444444444444444,0.05555555555555555,False
MC04-Session1-headMic-0085,MC04,control,RATE,IIHT,1,1,1.0,4,4,1.0,1.0,False
MC04-Session1-headMic-0086,MC04,control,FEED,SHE,1,1,1.0,3,4,0.75,0.75,False
MC04-Session1-headMic-0087,MC04,control,THE,ET,1,1,1.0,3,3,1.0,0.6666666666666666,False
MC04-Session1-headMic-0088,MC04,control,BETA,IE,1,1,1.0,3,4,0.75,0.5,False
MC04-Session1-headMic-0089,MC04,control,STORM,TAR,1,1,1.0,3,5,0.6,0.6,False
MC04-Session1-headMic-0090,MC04,control,GOAT,O,1,1,1.0,3,4,0.75,0.25,False
MC04-Session1-headMic-0091,MC04,control,FLOOR,S,1,1,1.0,5,5,1.0,0.2,False
MC04-Session1-headMic-0092,MC04,control,WEED,EEE,1,1,1.0,2,4,0.5,0.75,False
MC04-Session1-headMic-0093,MC04,control,NO,T,1,1,1.0,2,2,1.0,0.5,False
MC04-Session1-headMic-0094,MC04,control,HE SLOWLY TAKES A SHORT WALK IN THE OPEN AIR EACH DAY,R  A   S A,11,12,0.9166666666666666,39,42,0.9285714285714286,0.09523809523809523,False
MC04-Session1-headMic-0095,MC04,control,UP,IAT,1,1,1.0,3,2,1.5,1.5,False
MC04-Session1-headMic-0096,MC04,control,ONE,EE,1,1,1.0,2,3,0.6666666666666666,0.6666666666666666,False
MC04-Session1-headMic-0097,MC04,control,FOR,SIHLP,1,1,1.0,5,3,1.6666666666666667,1.6666666666666667,False
MC04-Session1-headMic-0098,MC04,control,TWICE EACH DAY HE PLAYS SKILLFULLY AND WITH ZEST UPON OUR SMALL ORGAN,S,13,13,1.0,56,57,0.9824561403508771,0.017543859649122806,False
MC04-Session1-headMic-0099,MC04,control,FEET,SITT,1,1,1.0,3,4,0.75,1.0,False
MC04-Session1-headMic-0100,MC04,control,FORM,SE,1,1,1.0,4,4,1.0,0.5,False
MC04-Session1-headMic-0101,MC04,control,FARM,,1,1,1.0,4,4,1.0,0.0,True
MC04-Session1-headMic-0102,MC04,control,TWO,I,1,1,1.0,3,3,1.0,0.3333333333333333,False
MC04-Session1-headMic-0103,MC04,control,KNOW,TAIE,1,1,1.0,4,4,1.0,1.0,False
MC04-Session1-headMic-0104,MC04,control,SHIP,I,1,1,1.0,3,4,0.75,0.25,False
MC04-Session1-headMic-0105,MC04,control,WELL HE IS NEARLY NINETY THREE YEARS OLD,R  RO R,8,8,1.0,30,33,0.9090909090909091,0.12121212121212122,False
MC04-Session1-headMic-0106,MC04,control,SWARM,ST,1,1,1.0,4,5,0.8,0.4,False
MC04-Session1-headMic-0109,MC04,control,YET HE STILL THINKS AS SWIFTLY AS EVER,S  R,8,8,1.0,29,31,0.9354838709677419,0.06451612903225806,False
MC04-Session1-headMic-0110,MC04,control,BEAT,EA,1,1,1.0,2,4,0.5,0.5,False
MC04-Session1-headMic-0111,MC04,control,BIT,ATET,1,1,1.0,3,3,1.0,1.3333333333333333,False
MC04-Session1-headMic-0112,MC04,control,RACE,AC,1,1,1.0,2,4,0.5,0.5,False
MC04-Session1-headMic-0113,MC04,control,ALPHA,TT,1,1,1.0,5,5,1.0,0.4,False
MC04-Session1-headMic-0114,MC04,control,SIP,I,1,1,1.0,2,3,0.6666666666666666,0.3333333333333333,False
MC04-Session1-headMic-0116,MC04,control,GIVING THOSE WHO OBSERVE HIM A PRONOUNCED FEELING OF THE UTMOST RESPECT,,12,12,1.0,60,60,1.0,0.0,True
MC04-Session1-headMic-0118,MC04,control,GO,I,1,1,1.0,2,2,1.0,0.5,False
MC04-Session1-headMic-0120,MC04,control,HORN,LLAI,1,1,1.0,4,4,1.0,1.0,False
MC04-Session1-headMic-0122,MC04,control,MEAT,A,1,1,1.0,3,4,0.75,0.25,False
MC04-Session1-headMic-0123,MC04,control,SELECT,SIATE,1,1,1.0,5,6,0.8333333333333334,0.8333333333333334,False
MC04-Session1-headMic-0124,MC04,control,TROOP,FAT,1,1,1.0,5,5,1.0,0.6,False
MC04-Session1-headMic-0125,MC04,control,YOU'RE USED TO BEING ON THE FIELD,S,7,7,1.0,26,27,0.9629629629629629,0.037037037037037035,False
MC04-Session1-headMic-0126,MC04,control,TWO OTHER CASES ALSO WERE UNDER ADVISEMENT,S R   R,7,7,1.0,33,36,0.9166666666666666,0.08333333333333333,False
MC04-Session1-headMic-0127,MC04,control,TWO OTHER CASES ALSO WERE UNDER ADVISEMENT,AO   R,7,7,1.0,33,36,0.9166666666666666,0.08333333333333333,False
MC04-Session1-headMic-0128,MC04,control,HEAR,IR,1,1,1.0,3,4,0.75,0.5,False
MC04-Session1-headMic-0129,MC04,control,I FEEL I CAN PLAY THIS WEEKEND,SEE,7,7,1.0,21,24,0.875,0.125,False
MC04-Session1-headMic-0130,MC04,control,JANE MAY EARN MORE MONEY BY WORKING HARD,R    R,8,8,1.0,31,33,0.9393939393939394,0.06060606060606061,False
MC04-Session1-headMic-0131,MC04,control,SINGLE,IA,1,1,1.0,5,6,0.8333333333333334,0.3333333333333333,False
MC04-Session1-headMic-0133,MC04,control,FORWARD,SE,1,1,1.0,7,7,1.0,0.2857142857142857,False
MC04-Session1-headMic-0134,MC04,control,PILE,AL,1,1,1.0,3,4,0.75,0.5,False
MC04-Session1-headMic-0135,MC04,control,SWAY,AIHT,1,1,1.0,4,4,1.0,1.0,False
MC04-Session1-headMic-0136,MC04,control,PAY,TAE,1,1,1.0,2,3,0.6666666666666666,1.0,False
MC04-Session1-headMic-0137,MC04,control,SLIP,O,1,1,1.0,4,4,1.0,0.25,False
MC04-Session1-headMic-0138,MC04,control,GNAW,BET,1,1,1.0,4,4,1.0,0.75,False
MC04-Session1-headMic-0139,MC04,control,PRIOR,FIRRHT,1,1,1.0,5,5,1.0,1.2,False
MC04-Session1-headMic-0140,MC04,control,KNOT,AES,1,1,1.0,4,4,1.0,0.75,False
MC04-Session1-headMic-0141,MC04,control,DELTA,I,1,1,1.0,5,5,1.0,0.2,False
MC04-Session1-headMic-0142,MC04,control,PAT,TA,1,1,1.0,2,3,0.6666666666666666,0.6666666666666666,False
MC04-Session1-headMic-0143,MC04,control,BAT,AIT,1,1,1.0,2,3,0.6666666666666666,1.0,False
MC04-Session1-headMic-0144,MC04,control,THIS WAS EASY FOR US,RAE,5,5,1.0,14,16,0.875,0.1875,False
MC04-Session1-headMic-0145,MC04,control,PLAY,FTAT,1,1,1.0,3,4,0.75,1.0,False
MC04-Session1-headMic-0146,MC04,control,GALORE,TT,1,1,1.0,6,6,1.0,0.3333333333333333,False
MC04-Session1-headMic-0147,MC04,control,CHEER,AIRT,1,1,1.0,5,5,1.0,0.8,False
MC04-Session1-headMic-0148,MC04,control,THE ISLANDS ARE SPARSELY POPULATED,AR IS,5,5,1.0,27,30,0.9,0.13333333333333333,False
MC04-Session1-headMic-0149,MC04,control,I TRIED TO TELL PEOPLE IN THE COMMUNITY,,8,8,1.0,32,32,1.0,0.0,True
MC04-Session1-headMic-0150,MC04,control,SIGH,,1,1,1.0,4,4,1.0,0.0,True
MC04-Session1-headMic-0151,MC04,control,SPRINKLE,SAL,1,1,1.0,6,8,0.75,0.375,False
MC04-Session1-headMic-0152,MC04,control,MY SISTER MADE THE FLOWERED CURTAINS,S,6,6,1.0,30,31,0.967741935483871,0.03225806451612903,False
MC04-Session1-headMic-0153,MC04,control,THIGH,I,1,1,1.0,4,5,0.8,0.2,False
MC04-Session1-headMic-0154,MC04,control,BRIGHT SUNSHINE SHIMMERS ON THE OCEAN,L,6,6,1.0,32,32,1.0,0.03125,False
MC04-Session1-headMic-0155,MC04,control,WE GATHERED SHELLS ON THE BEACH,AHA RA R,6,6,1.0,22,26,0.8461538461538461,0.23076923076923078,False
MC04-Session1-headMic-0156,MC04,control,CYCLE,FTL,1,1,1.0,4,5,0.8,0.6,False
MC04-Session1-headMic-0157,MC04,control,TIE,OET,1,1,1.0,3,3,1.0,1.0,False
MC04-Session1-headMic-0158,MC04,control,DEER,TR,1,1,1.0,3,4,0.75,0.5,False
MC04-Session1-headMic-0159,MC04,control,PEER,HIA,1,1,1.0,4,4,1.0,0.75,False
MC04-Session1-headMic-0160,MC04,control,SIGH,IHTHIT,1,1,1.0,5,4,1.25,1.5,False
MC04-Session1-headMic-0161,MC04,control,MERE,TO,1,1,1.0,4,4,1.0,0.5,False
MC04-Session1-headMic-0162,MC04,control,WHITE,AT,1,1,1.0,4,5,0.8,0.4,False
MC04-Session1-headMic-0163,MC04,control,AIR,A,1,1,1.0,2,3,0.6666666666666666,0.3333333333333333,False
MC04-Session1-headMic-0164,MC04,control,POT,F,1,1,1.0,3,3,1.0,0.3333333333333333,False
MC04-Session1-headMic-0165,MC04,control,NEAR,EIT,1,1,1.0,3,4,0.75,0.75,False
MC04-Session1-headMic-0166,MC04,control,FOUR,SIL,1,1,1.0,4,4,1.0,0.75,False
MC04-Session1-headMic-0167,MC04,control,ONE VALIDATED ACTS OF SCHOOL DISTRICTS,,6,6,1.0,33,33,1.0,0.0,True
MC04-Session1-headMic-0168,MC04,control,ROOT,S,1,1,1.0,4,4,1.0,0.25,False
MC04-Session1-headMic-0169,MC04,control,SHOOT,IHSIE,1,1,1.0,4,5,0.8,1.0,False
MC04-Session1-headMic-0170,MC04,control,JUST ONE SIDE GOT WET,RIES,5,5,1.0,15,17,0.8823529411764706,0.23529411764705882,False
MC04-Session1-headMic-0171,MC04,control,ROCKS,RPS,1,1,1.0,3,5,0.6,0.6,False
MC04-Session1-headMic-0172,MC04,control,HERE,TIR,1,1,1.0,3,4,0.75,0.75,False
MC04-Session1-headMic-0173,MC04,control,TILE,,1,1,1.0,4,4,1.0,0.0,True
MC04-Session1-headMic-0174,MC04,control,LIP,TLT,1,1,1.0,3,3,1.0,1.0,False
MC04-Session1-headMic-0175,MC04,control,TOOT,E,1,1,1.0,4,4,1.0,0.25,False
MC04-Session1-headMic-0176,MC04,control,SUIT,S,1,1,1.0,3,4,0.75,0.25,False
MC04-Session1-headMic-0177,MC04,control,COUPE,,1,1,1.0,5,5,1.0,0.0,True
MC04-Session1-headMic-0178,MC04,control,MOTHER SEWS YELLOW GINGHAM APRONS,,5,5,1.0,29,29,1.0,0.0,True
MC04-Session1-headMic-0179,MC04,control,MOTHER SEWS YELLOW GINGHAM APRONS,R,5,5,1.0,28,29,0.9655172413793104,0.034482758620689655,False
MC04-Session1-headMic-0180,MC04,control,I JUST TRY TO DO MY BEST,AA,7,7,1.0,18,18,1.0,0.1111111111111111,False
MC04-Session1-headMic-0181,MC04,control,URGENT,RIET,1,1,1.0,3,6,0.5,0.6666666666666666,False
MC04-Session1-headMic-0182,MC04,control,WITCH,AT,1,1,1.0,4,5,0.8,0.4,False
MC04-Session1-headMic-0183,MC04,control,ATE,ETI,1,1,1.0,2,3,0.6666666666666666,1.0,False
MC04-Session1-headMic-0184,MC04,control,ERROR,OOO,1,1,1.0,4,5,0.8,0.6,False
MC04-Session1-headMic-0185,MC04,control,MUCH,ATSH,1,1,1.0,3,4,0.75,1.0,False
MC04-Session1-headMic-0186,MC04,control,LIGHT,A,1,1,1.0,5,5,1.0,0.2,False
MC04-Session1-headMic-0187,MC04,control,DROOP,RO,1,1,1.0,3,5,0.6,0.4,False
MC04-Session1-headMic-0190,MC04,control,KNOW,,1,1,1.0,4,4,1.0,0.0,True
MC04-Session1-headMic-0191,MC04,control,SLEEP,SA,1,1,1.0,4,5,0.8,0.4,False
MC04-Session1-headMic-0192,MC04,control,SLAY,AED,1,1,1.0,4,4,1.0,0.75,False
MC04-Session1-headMic-0193,MC04,control,WRITE,ETH,1,1,1.0,4,5,0.8,0.6,False
MC04-Session1-headMic-0194,MC04,control,BAD,TI,1,1,1.0,3,3,1.0,0.6666666666666666,False
MC04-Session1-headMic-0195,MC04,control,STEER,AT,1,1,1.0,4,5,0.8,0.4,False
MC04-Session1-headMic-0196,MC04,control,I LOOKED UP AND NOTICED TWO OLD MEN,,8,8,1.0,28,28,1.0,0.0,True
MC04-Session1-headMic-0197,MC04,control,CHARLIE,AE,1,1,1.0,5,7,0.7142857142857143,0.2857142857142857,False
MC04-Session1-headMic-0198,MC04,control,KNEW,T,1,1,1.0,4,4,1.0,0.25,False
MC04-Session1-headMic-0199,MC04,control,GROUP,,1,1,1.0,5,5,1.0,0.0,True
MC04-Session1-headMic-0200,MC04,control,ARE YOUR GRADES HIGHER OR LOWER THAN NANCY'S,I S,8,8,1.0,35,37,0.9459459459459459,0.05405405405405406,False
MC04-Session1-headMic-0201,MC04,control,ROCK,ATS,1,1,1.0,4,4,1.0,0.75,False
MC04-Session1-headMic-0202,MC04,control,THOUGH,,1,1,1.0,6,6,1.0,0.0,True
MC04-Session1-headMic-0203,MC04,control,FEAR,SRR,1,1,1.0,3,4,0.75,0.75,False
MC04-Session1-headMic-0204,MC04,control,SHEAR,SSHAIR,1,1,1.0,3,5,0.6,1.2,False
MC04-Session1-headMic-0205,MC04,control,BOOT,I,1,1,1.0,4,4,1.0,0.25,False
MC04-Session1-headMic-0206,MC04,control,SIDE,FFOT,1,1,1.0,4,4,1.0,1.0,False
MC04-Session1-headMic-0207,MC04,control,BRIAR,AET,1,1,1.0,5,5,1.0,0.6,False
MC04-Session1-headMic-0208,MC04,control,MUT,AA,1,1,1.0,3,3,1.0,0.6666666666666666,False
MC04-Session1-headMic-0209,MC04,control,NO,O,1,1,1.0,1,2,0.5,0.5,False
MC04-Session1-headMic-0211,MC04,control,HE WILL ALLOW A RARE LIE,ORA,6,6,1.0,16,19,0.8421052631578947,0.15789473684210525,False
MC04-Session1-headMic-0212,MC04,control,BACK,ATT,1,1,1.0,3,4,0.75,0.75,False
MC04-Session1-headMic-0213,MC04,control,BEAR,A,1,1,1.0,3,4,0.75,0.25,False
MC04-Session1-headMic-0214,MC04,control,FRUIT,HSORO,1,1,1.0,5,5,1.0,1.0,False
MC04-Session1-headMic-0215,MC04,control,WISH,LTEH,1,1,1.0,3,4,0.75,1.0,False
MC04-Session1-headMic-0216,MC04,control,BOTH FIGURES WOULD GO HIGHER IN LATER YEARS,R  OL,8,8,1.0,33,36,0.9166666666666666,0.08333333333333333,False
MC04-Session1-headMic-0217,MC04,control,FLOOR,S,1,1,1.0,5,5,1.0,0.2,False
MC04-Session1-headMic-0218,MC04,control,NOTHING IS AS OFFENSIVE AS INNOCENCE,R,6,6,1.0,31,31,1.0,0.03225806451612903,False
MC04-Session1-headMic-0220,MC04,control,WHY YELL OR WORRY OVER SILLY ITEMS,O,7,7,1.0,27,28,0.9642857142857143,0.03571428571428571,False
MC04-Session1-headMic-0221,MC04,control,FATE,S,1,1,1.0,4,4,1.0,0.25,False
MC04-Session1-headMic-0222,MC04,control,SNOOP,SEI,1,1,1.0,4,5,0.8,0.6,False
MC04-Session1-headMic-0223,MC04,control,DOT,ATS,1,1,1.0,3,3,1.0,1.0,False
MC04-Session1-headMic-0224,MC04,control,SLIP,S,1,1,1.0,3,4,0.75,0.25,False
MC04-Session1-headMic-0225,MC04,control,EVERYTHING WENT REAL SMOOTH THE SHERIFF SAID,AI I    S,7,7,1.0,35,38,0.9210526315789473,0.10526315789473684,False
MC04-Session1-headMic-0226,MC04,control,ATE,E,1,1,1.0,2,3,0.6666666666666666,0.3333333333333333,False
MC04-Session1-headMic-0227,MC04,control,SHE IS THINNER THAN I AM,SR,6,6,1.0,17,19,0.8947368421052632,0.10526315789473684,False
MC04-Session1-headMic-0228,MC04,control,WILL ROBIN WEAR A YELLOW LILY,IRA,6,6,1.0,21,24,0.875,0.125,False
MC04-Session1-headMic-0229,MC04,control,I SCRUBBED THE FLOORS THOROUGHLY,RRA,5,5,1.0,26,28,0.9285714285714286,0.10714285714285714,False
MC04-Session1-headMic-0230,MC04,control,THREE,R,1,1,1.0,4,5,0.8,0.2,False
MC04-Session1-headMic-0231,MC04,control,WRITE,EE,1,1,1.0,4,5,0.8,0.4,False
MC04-Session1-headMic-0233,MC04,control,MENU,ER,1,1,1.0,3,4,0.75,0.5,False
MC04-Session1-headMic-0234,MC04,control,BAD,ITE,1,1,1.0,3,3,1.0,1.0,False
MC04-Session1-headMic-0235,MC04,control,PAD,ETT,1,1,1.0,3,3,1.0,1.0,False
MC04-Session1-headMic-0236,MC04,control,THE TRAIN APPROACHED THE DEPOT SLOWLY,I R LO S,6,6,1.0,28,32,0.875,0.15625,False
MC04-Session1-headMic-0237,MC04,control,SUIT,ATT,1,1,1.0,3,4,0.75,0.75,False
MC04-Session1-headMic-0238,MC04,control,HATE,FIN,1,1,1.0,4,4,1.0,0.75,False
MC04-Session1-headMic-0239,MC04,control,YOU'D BE BETTER OFF TAKING A COLD SHOWER,ER,8,8,1.0,31,33,0.9393939393939394,0.06060606060606061,False
MC04-Session1-headMic-0240,MC04,control,YOU'D BE BETTER OFF TAKING A COLD SHOWER,R,8,8,1.0,32,33,0.9696969696969697,0.030303030303030304,False
MC04-Session1-headMic-0241,MC04,control,WHOOP,OH,1,1,1.0,4,5,0.8,0.4,False
MC04-Session1-headMic-0242,MC04,control,EXPLORE,TOT,1,1,1.0,6,7,0.8571428571428571,0.42857142857142855,False
MC04-Session1-headMic-0243,MC04,control,SIGH,I,1,1,1.0,3,4,0.75,0.25,False
MC04-Session1-headMic-0244,MC04,control,WHERE WERE YOU WHILE WE WERE AWAY,L,7,7,1.0,26,27,0.9629629629629629,0.037037037037037035,False
MC04-Session1-headMic-0245,MC04,control,THEY CARRIED ME OFF ON THE STRETCHER,SL,7,7,1.0,29,30,0.9666666666666667,0.06666666666666667,False
MC04-Session1-headMic-0246,MC04,control,THEIR HOUSE IS GREY AND WHITE,ARA,6,6,1.0,22,24,0.9166666666666666,0.125,False
MC04-Session1-headMic-0247,MC04,control,OF,S,1,1,1.0,2,2,1.0,0.5,False
MC04-Session1-headMic-0248,MC04,control,JUNGLE,E,1,1,1.0,5,6,0.8333333333333334,0.16666666666666666,False
MC04-Session1-headMic-0249,MC04,control,IF YOU DESTROY CONFIDENCE IN BANKS YOU DO SOMETHING TO THE ECONOMY HE SAID,LL    A    A,14,14,1.0,59,61,0.9672131147540983,0.06557377049180328,False
MC04-Session1-headMic-0250,MC04,control,YES,IIS,1,1,1.0,2,3,0.6666666666666666,1.0,False
MC04-Session1-headMic-0251,MC04,control,ALL THE BIG BASEBALL PLAYERS GET TRADED,,7,7,1.0,33,33,1.0,0.0,True
MC04-Session1-headMic-0252,MC04,control,WE'RE,ATT,1,1,1.0,5,5,1.0,0.6,False
MC04-Session1-headMic-0253,MC04,control,THE HUMIDITY IS OVERWHELMING THERE,OR,5,5,1.0,28,30,0.9333333333333333,0.06666666666666667,False
MC04-Session1-headMic-0254,MC04,control,LOOP,TO,1,1,1.0,3,4,0.75,0.5,False
MC04-Session1-headMic-0255,MC04,control,I WAS CONSCIOUS ALL THE TIME,ALOI,6,6,1.0,20,23,0.8695652173913043,0.17391304347826086,False
MC04-Session1-headMic-0256,MC04,control,AREA,IRT,1,1,1.0,3,4,0.75,0.75,False
MC04-Session1-headMic-0257,MC04,control,NOTHING HAS BEEN DONE YET TO TAKE ADVANTAGE OF THE ENABLING LEGISLATION,S       A,12,12,1.0,58,60,0.9666666666666667,0.03333333333333333,False
MC04-Session1-headMic-0258,MC04,control,THE BOOKS ARE VERY EXPENSIVE,,5,5,1.0,24,24,1.0,0.0,True
MC04-Session1-headMic-0259,MC04,control,BIT,TIT,1,1,1.0,1,3,0.3333333333333333,1.0,False
MC04-Session1-headMic-0260,MC04,control,TELL,LA,1,1,1.0,3,4,0.75,0.5,False
MC04-Session1-headMic-0261,MC04,control,PITTING,AAN,1,1,1.0,6,7,0.8571428571428571,0.42857142857142855,False
MC04-Session1-headMic-0262,MC04,control,WHEN ALL ELSE FAILS USE FORCE,IS,6,6,1.0,22,24,0.9166666666666666,0.08333333333333333,False
MC04-Session1-headMic-0263,MC04,control,WHEN ALL ELSE FAILS USE FORCE,ARA,6,6,1.0,22,24,0.9166666666666666,0.125,False
MC04-Session1-headMic-0264,MC04,control,WRITTEN,EENE,1,1,1.0,6,7,0.8571428571428571,0.5714285714285714,False
MC04-Session1-headMic-0265,MC04,control,IF YOU ARE LOSING WATER REPLACE IT IMMEDIATELY,RA   R,8,8,1.0,36,39,0.9230769230769231,0.07692307692307693,False
MC04-Session1-headMic-0266,MC04,control,SIDE,E,1,1,1.0,3,4,0.75,0.25,False
MC04-Session1-headMic-0267,MC04,control,MUCH,IIHT,1,1,1.0,4,4,1.0,1.0,False
MC04-Session1-headMic-0268,MC04,control,BEFORE THURSDAY'S EXAM REVIEW EVERY FORMULA,R  R,6,6,1.0,36,38,0.9473684210526315,0.05263157894736842,False
MC04-Session1-headMic-0269,MC04,control,HIM,E,1,1,1.0,3,3,1.0,0.3333333333333333,False
MC04-Session1-headMic-0270,MC04,control,CAKE,IE,1,1,1.0,3,4,0.75,0.5,False
MC04-Session1-headMic-0271,MC04,control,HILL,I,1,1,1.0,3,4,0.75,0.25,False
MC04-Session1-headMic-0272,MC04,control,HILL,HA,1,1,1.0,3,4,0.75,0.5,False
MC04-Session1-headMic-0273,MC04,control,NINE,EA,1,1,1.0,4,4,1.0,0.5,False
MC04-Session1-headMic-0274,MC04,control,LICK,IT,1,1,1.0,3,4,0.75,0.5,False
MC04-Session1-headMic-0275,MC04,control,HOTEL,,1,1,1.0,5,5,1.0,0.0,True
MC04-Session1-headMic-0276,MC04,control,CITY,SIS,1,1,1.0,3,4,0.75,0.75,False
MC04-Session1-headMic-0277,MC04,control,FILL,SII,1,1,1.0,3,4,0.75,0.75,False
MC04-Session1-headMic-0278,MC04,control,THE DOLPHINS SWAM AROUND OUR BOAT,,6,6,1.0,28,28,1.0,0.0,True
MC04-Session1-headMic-0279,MC04,control,SEED,TI,1,1,1.0,4,4,1.0,0.5,False
MC04-Session1-headMic-0280,MC04,control,TAKE,TI,1,1,1.0,3,4,0.75,0.5,False
MC04-Session1-headMic-0281,MC04,control,THERE IS A TREEHOUSE UP ABOVE,HAILESE,6,6,1.0,19,24,0.7916666666666666,0.2916666666666667,False
MC04-Session1-headMic-0282,MC04,control,SERGEANT,IRET,1,1,1.0,5,8,0.625,0.5,False
MC04-Session1-headMic-0283,MC04,control,THE MISGUIDED SOULS HAVE LOST THEIR WAY,A,7,7,1.0,32,33,0.9696969696969697,0.030303030303030304,False
MC04-Session1-headMic-0284,MC04,control,SITTING,IE,1,1,1.0,6,7,0.8571428571428571,0.2857142857142857,False
MC04-Session1-headMic-0285,MC04,control,FOXTROT,EH,1,1,1.0,7,7,1.0,0.2857142857142857,False
MC04-Session1-headMic-0286,MC04,control,SIGH,FAT,1,1,1.0,4,4,1.0,0.75,False
MC04-Session1-headMic-0287,MC04,control,KITTEN,T,1,1,1.0,5,6,0.8333333333333334,0.16666666666666666,False
MC04-Session1-headMic-0290,MC04,control,BRAWN,BE,1,1,1.0,4,5,0.8,0.4,False
MC04-Session1-headMic-0291,MC04,control,SWING YOUR ARM AS HIGH AS YOU CAN,,8,8,1.0,26,26,1.0,0.0,True
MC04-Session1-headMic-0292,MC04,control,SHY,HLEIT,1,1,1.0,5,3,1.6666666666666667,1.6666666666666667,False
MC04-Session1-headMic-0293,MC04,control,KILO,SI,1,1,1.0,3,4,0.75,0.5,False
MC04-Session1-headMic-0294,MC04,control,HARP,F,1,1,1.0,4,4,1.0,0.25,False
MC04-Session1-headMic-0295,MC04,control,PART,AS,1,1,1.0,3,4,0.75,0.5,False
MC04-Session1-headMic-0296,MC04,control,AND,AIIS,1,1,1.0,3,3,1.0,1.3333333333333333,False
MC04-Session1-headMic-0297,MC04,control,SPIT,FATT,1,1,1.0,3,4,0.75,1.0,False
MC04-Session1-headMic-0298,MC04,control,HARK,ICH,1,1,1.0,4,4,1.0,0.75,False
MC04-Session1-headMic-0299,MC04,control,HE FURTHER PROPOSED GRANTS OF AN UNSPECIFIED SUM FOR EXPERIMENTAL HOSPITALS,S,11,11,1.0,64,65,0.9846153846153847,0.015384615384615385,False
MC04-Session1-headMic-0300,MC04,control,HITTING,F,1,1,1.0,7,7,1.0,0.14285714285714285,False
MC04-Session1-headMic-0301,MC04,control,TOP,,1,1,1.0,3,3,1.0,0.0,True
MC04-Session1-headMic-0302,MC04,control,VAT,T,1,1,1.0,2,3,0.6666666666666666,0.3333333333333333,False
MC04-Session1-headMic-0303,MC04,control,WITCH,SIT,1,1,1.0,3,5,0.6,0.6,False
MC04-Session1-headMic-0304,MC04,control,THOUGHT,SIT,1,1,1.0,6,7,0.8571428571428571,0.42857142857142855,False
MC04-Session1-headMic-0305,MC04,control,FIVE,IFT,1,1,1.0,3,4,0.75,0.75,False
MC04-Session1-headMic-0306,MC04,control,THORN,ST,1,1,1.0,5,5,1.0,0.4,False
MC04-Session1-headMic-0307,MC04,control,EIGHT,TI,1,1,1.0,4,5,0.8,0.4,False
MC04-Session1-headMic-0308,MC04,control,THIS IS NOT A PROGRAM OF SOCIALIZED MEDICINE,R,8,8,1.0,36,37,0.972972972972973,0.02702702702702703,False
MC04-Session1-headMic-0309,MC04,control,SIGN,ED,1,1,1.0,4,4,1.0,0.5,False
MC04-Session1-headMic-0310,MC04,control,DAY AFTER DAY SOME NEW EPISODE IS REPORTED,R,8,8,1.0,34,35,0.9714285714285714,0.02857142857142857,False
MC04-Session1-headMic-0312,MC04,control,GOLF,PSIT,1,1,1.0,4,4,1.0,1.0,False
MC04-Session1-headMic-0313,MC04,control,LEAGUE,EE,1,1,1.0,4,6,0.6666666666666666,0.3333333333333333,False
MC04-Session1-headMic-0314,MC04,control,REEK,SIP,1,1,1.0,4,4,1.0,0.75,False
MC04-Session1-headMic-0315,MC04,control,LOYAL,A,1,1,1.0,4,5,0.8,0.2,False
MC04-Session1-headMic-0316,MC04,control,LOYAL,LA,1,1,1.0,3,5,0.6,0.4,False
MC04-Session1-headMic-0317,MC04,control,IT WAS A GOOD WIN FOR US,,7,7,1.0,18,18,1.0,0.0,True
MC04-Session1-headMic-0318,MC04,control,ALIMONY HARMS A DIVORCED MAN'S WEALTH,R  R,6,6,1.0,30,32,0.9375,0.0625,False
MC04-Session1-headMic-0319,MC04,control,HIM,S,1,1,1.0,3,3,1.0,0.3333333333333333,False
MC04-Session1-headMic-0320,MC04,control,SIX,ITP,1,1,1.0,3,3,1.0,1.0,False
MC04-Session1-headMic-0321,MC04,control,THE MUSEUM HIRES MUSICIANS EVERY EVENING,R   O,6,6,1.0,34,35,0.9714285714285714,0.05714285714285714,False
MC04-Session1-headMic-0322,MC04,control,IT EVENTUALLY BECAME A RATHER PROUD CLAIM,E    R,7,7,1.0,33,35,0.9428571428571428,0.05714285714285714,False
MC04-Session1-headMic-0323,MC04,control,CART,ATF,1,1,1.0,3,4,0.75,0.75,False
MC04-Session1-headMic-0324,MC04,control,SPARK,EET,1,1,1.0,5,5,1.0,0.6,False
MC04-Session1-headMic-0325,MC04,control,CARL LIVES IN A LIVELY HOME,A,5,6,0.8333333333333334,21,22,0.9545454545454546,0.045454545454545456,False
MC04-Session1-headMic-0326,MC04,control,ALUMINUM SILVERWARE CAN OFTEN BE FLIMSY,A,6,6,1.0,33,34,0.9705882352941176,0.029411764705882353,False
MC04-Session1-headMic-0327,MC04,control,THIS IS A PERIOD OF TRANSITION FOR ME,R   L    L,8,8,1.0,29,30,0.9666666666666667,0.1,False
MC04-Session1-headMic-0328,MC04,control,START,IT,1,1,1.0,4,5,0.8,0.4,False
MC04-Session1-headMic-0329,MC04,control,PRETTY,FRA,1,1,1.0,5,6,0.8333333333333334,0.5,False
MC04-Session1-headMic-0330,MC04,control,NO,EAAT,1,1,1.0,4,2,2.0,2.0,False
MC04-Session1-headMic-0331,MC04,control,PIT,,1,1,1.0,3,3,1.0,0.0,True
MC04-Session1-headMic-0332,MC04,control,FAT,SIT,1,1,1.0,2,3,0.6666666666666666,1.0,False
MC04-Session1-headMic-0333,MC04,control,THE JOB PROVIDES MANY BENEFITS,EI,5,5,1.0,24,26,0.9230769230769231,0.07692307692307693,False
MC04-Session1-headMic-0334,MC04,control,BARN,R,1,1,1.0,3,4,0.75,0.25,False
MC04-Session1-headMic-0335,MC04,control,IT ALSO PROVIDES FOR FUNDS TO CLEAR SLUMS AND HELP COLLEGES BUILD DORMITORIES,A  S,13,13,1.0,63,65,0.9692307692307692,0.03076923076923077,False
MC04-Session1-headMic-0336,MC04,control,MUSH,EH,1,1,1.0,3,4,0.75,0.5,False
MC04-Session1-headMic-0337,MC04,control,PARK,IOTT,1,1,1.0,4,4,1.0,1.0,False
MC04-Session1-headMic-0338,MC04,control,ALFALFA IS HEALTHY FOR YOU,SI,5,5,1.0,21,22,0.9545454545454546,0.09090909090909091,False
MC04-Session1-headMic-0339,MC04,control,FAT,SIT,1,1,1.0,2,3,0.6666666666666666,1.0,False
MC04-Session1-headMic-0340,MC04,control,NIGHT AFTER NIGHT THEY RECEIVED ANNOYING PHONE CALLS,E S E,8,8,1.0,43,45,0.9555555555555556,0.06666666666666667,False
MC04-Session1-headMic-0341,MC04,control,JULIET,RIS,1,1,1.0,5,6,0.8333333333333334,0.5,False
MC04-Session1-headMic-0342,MC04,control,BITTEN,N,1,1,1.0,5,6,0.8333333333333334,0.16666666666666666,False
MC04-Session1-headMic-0343,MC04,control,SEVEN,F,1,1,1.0,5,5,1.0,0.2,False
MC04-Session1-headMic-0344,MC04,control,THE BOX CONTAINED THREE SWEATERS,A,5,5,1.0,27,28,0.9642857142857143,0.03571428571428571,False
MC04-Session1-headMic-0345,MC04,control,KNITTING,AI,1,1,1.0,7,8,0.875,0.25,False
MC04-Session1-headMic-0346,MC04,control,WE RODE HORSEBACK TO THE FARM,E,6,6,1.0,23,24,0.9583333333333334,0.041666666666666664,False
MC04-Session1-headMic-0347,MC04,control,BOTH INJURIES WERE TO THE SAME LEG,I,7,7,1.0,27,28,0.9642857142857143,0.03571428571428571,False
MC04-Session1-headMic-0348,MC04,control,LEAK,S,1,1,1.0,4,4,1.0,0.25,False
MC04-Session1-headMic-0349,MC04,control,MIKE,IT,1,1,1.0,3,4,0.75,0.5,False
MC04-Session1-headMic-0350,MC04,control,LIMA,TT,1,1,1.0,4,4,1.0,0.5,False
MC04-Session1-headMic-0351,MC04,control,LAIR,ETR,1,1,1.0,3,4,0.75,0.75,False
MC04-Session1-headMic-0352,MC04,control,DARN,AT,1,1,1.0,3,4,0.75,0.5,False
MC04-Session1-headMic-0353,MC04,control,QUEBEC,OTEH,1,1,1.0,5,6,0.8333333333333334,0.6666666666666666,False
MC04-Session1-headMic-0354,MC04,control,BLOW,T,1,1,1.0,4,4,1.0,0.25,False
MC04-Session1-headMic-0355,MC04,control,BLOAT,T,1,1,1.0,4,5,0.8,0.2,False
MC04-Session1-headMic-0356,MC04,control,SPAIN,ST,1,1,1.0,4,5,0.8,0.4,False
MC04-Session1-headMic-0357,MC04,control,STUDENTS WATCHED AS HE GOT OUT,HCI,6,6,1.0,24,25,0.96,0.12,False
MC04-Session1-headMic-0358,MC04,control,NOVEMBER,OT,1,1,1.0,7,8,0.875,0.25,False
MC04-Session1-headMic-0359,MC04,control,BROUGHT,AT,1,1,1.0,6,7,0.8571428571428571,0.2857142857142857,False
MC04-Session1-headMic-0360,MC04,control,DART,TH,1,1,1.0,4,4,1.0,0.5,False
MC04-Session1-headMic-0361,MC04,control,AT,SI,1,1,1.0,2,2,1.0,1.0,False
MC04-Session1-headMic-0362,MC04,control,MITTEN,FEE,1,1,1.0,5,6,0.8333333333333334,0.5,False
MC04-Session1-headMic-0363,MC04,control,SELL,SA,1,1,1.0,3,4,0.75,0.5,False
MC04-Session1-headMic-0364,MC04,control,FITTING,S,1,1,1.0,7,7,1.0,0.14285714285714285,False
MC04-Session1-headMic-0365,MC04,control,THE LITTLE SCHOOLHOUSE STOOD EMPTY,,5,5,1.0,30,30,1.0,0.0,True
MC04-Session1-headMic-0366,MC04,control,ECHO,A,1,1,1.0,4,4,1.0,0.25,False
MC04-Session1-headMic-0367,MC04,control,LEAK,EIHT,1,1,1.0,4,4,1.0,1.0,False
MC04-Session1-headMic-0368,MC04,control,RICH,EH,1,1,1.0,3,4,0.75,0.5,False
MC04-Session1-headMic-0369,MC04,control,ZERO,ERE,1,1,1.0,2,4,0.5,0.75,False
MC04-Session1-headMic-0370,MC04,control,I HAVE HAD MY BELL RUNG,A,6,6,1.0,17,18,0.9444444444444444,0.05555555555555555,False
MC04-Session1-headMic-0371,MC04,control,HAT,ITHT,1,1,1.0,3,3,1.0,1.3333333333333333,False
MC04-Session1-headMic-0372,MC04,control,HEART,AIF,1,1,1.0,4,5,0.8,0.6,False
MC04-Session1-headMic-0373,MC04,control,WITTY,,1,1,1.0,5,5,1.0,0.0,True
MC04-Session1-headMic-0374,MC04,control,PIT,T,1,1,1.0,2,3,0.6666666666666666,0.3333333333333333,False
MC04-Session1-headMic-0375,MC04,control,OSCAR,TFE,1,1,1.0,5,5,1.0,0.6,False
MC04-Session1-headMic-0376,MC04,control,HEM,EA,1,1,1.0,2,3,0.6666666666666666,0.6666666666666666,False
MC04-Session1-headMic-0377,MC04,control,HE WRAPPED THE PACKAGE HASTILY,RLS,5,5,1.0,24,26,0.9230769230769231,0.11538461538461539,False
MC04-Session1-headMic-0378,MC04,control,I EXPECT WE'LL BOUNCE BACK THIS WEEK,IS,7,7,1.0,28,30,0.9333333333333333,0.06666666666666667,False
MC04-Session1-headMic-0379,MC04,control,PAPA,LE,1,1,1.0,4,4,1.0,0.5,False
MC04-Session1-headMic-0381,MC04,control,A ROLL OF WIRE LAY NEAR THE WALL,,8,8,1.0,25,25,1.0,0.0,True
MC04-Session1-headMic-0382,MC04,control,LEAK,LAIE,1,1,1.0,3,4,0.75,1.0,False
MC04-Session1-headMic-0383,MC04,control,SHE WORE WARM FLEECY WOOLEN OVERALLS,SR  R,6,6,1.0,28,31,0.9032258064516129,0.0967741935483871,False
MC04-Session1-headMic-0384,MC04,control,DARK,OR,1,1,1.0,3,4,0.75,0.5,False
MC04-Session1-headMic-0385,MC04,control,HUM,T,1,1,1.0,3,3,1.0,0.3333333333333333,False
MC04-Session1-headMic-0386,MC04,control,AT,AITH,1,1,1.0,2,2,1.0,2.0,False
MC04-Session1-headMic-0387,MC04,control,CHOP,HA,1,1,1.0,3,4,0.75,0.5,False
MC04-Session1-headMic-0388,MC04,control,SEEDS,S,1,1,1.0,4,5,0.8,0.2,False
MC04-Session1-headMic-0389,MC04,control,SEEDS,IAEE,1,1,1.0,4,5,0.8,0.8,False
MC04-Session1-headMic-0390,MC04,control,YES,E,1,1,1.0,2,3,0.6666666666666666,0.3333333333333333,False
MC04-Session1-headMic-0391,MC04,control,YOU WANT HIM TO DO WELL,AE,6,6,1.0,16,18,0.8888888888888888,0.1111111111111111,False
MC04-Session1-headMic-0392,MC04,control,HAND,FA,1,1,1.0,3,4,0.75,0.5,False
MC04-Session1-headMic-0393,MC04,control,SIN,TE,1,1,1.0,3,3,1.0,0.6666666666666666,False
MC04-Session1-headMic-0394,MC04,control,SPIT,OF,1,1,1.0,4,4,1.0,0.5,False
MC04-Session1-headMic-0395,MC04,control,RED,AET,1,1,1.0,2,3,0.6666666666666666,1.0,False
MC04-Session1-headMic-0396,MC04,control,YOU CAN RIDE STAGECOACH,ET,4,4,1.0,18,20,0.9,0.1,False
MC04-Session1-headMic-0397,MC04,control,TANGO,OE,1,1,1.0,5,5,1.0,0.4,False
MC04-Session1-headMic-0398,MC04,control,NOD,AT,1,1,1.0,3,3,1.0,0.6666666666666666,False
MC04-Session1-headMic-0399,MC04,control,DEAD,T,1,1,1.0,4,4,1.0,0.25,False
MC04-Session1-headMic-0400,MC04,control,THE PAIR OF SHOES WAS NEW,I,6,6,1.0,19,20,0.95,0.05,False
MC04-Session1-headMic-0401,MC04,control,DREAD,ET,1,1,1.0,4,5,0.8,0.4,False
MC04-Session1-headMic-0402,MC04,control,THOSE MUSICIANS HARMONIZE MARVELOUSLY,,4,4,1.0,34,34,1.0,0.0,True
MC04-Session1-headMic-0403,MC04,control,DOWN,A,1,1,1.0,4,4,1.0,0.25,False
MC04-Session1-headMic-0404,MC04,control,WALK,E,1,1,1.0,4,4,1.0,0.25,False
MC04-Session1-headMic-0405,MC04,control,SOME HOTELS ARE AVAILABLE NEARBY,A    O,5,5,1.0,27,28,0.9642857142857143,0.07142857142857142,False
MC04-Session1-headMic-0406,MC04,control,LIQUOR,SER,1,1,1.0,5,6,0.8333333333333334,0.5,False
MC04-Session1-headMic-0407,MC04,control,SELL,A,1,1,1.0,4,4,1.0,0.25,False
MC04-Session1-headMic-0408,MC04,control,YANKEE,I,1,1,1.0,6,6,1.0,0.16666666666666666,False
MC04-Session1-headMic-0409,MC04,control,BED,ET,1,1,1.0,2,3,0.6666666666666666,0.6666666666666666,False
MC04-Session1-headMic-0410,MC04,control,BEST,SI,1,1,1.0,3,4,0.75,0.5,False
MC04-Session1-headMic-0411,MC04,control,SHEET,HATEH,1,1,1.0,4,5,0.8,1.0,False
MC04-Session1-headMic-0412,MC04,control,YES,IT,1,1,1.0,3,3,1.0,0.6666666666666666,False
MC04-Session1-headMic-0413,MC04,control,ZULU,,1,1,1.0,4,4,1.0,0.0,True
MC04-Session1-headMic-0414,MC04,control,NICE,IAT,1,1,1.0,3,4,0.75,0.75,False
MC04-Session1-headMic-0415,MC04,control,ALTHOUGH ALWAYS ALONE WE SURVIVE,,5,5,1.0,28,28,1.0,0.0,True
MC04-Session1-headMic-0416,MC04,control,AND,A,1,1,1.0,2,3,0.6666666666666666,0.3333333333333333,False
MC04-Session1-headMic-0417,MC04,control,HE REALLY CRUCIFIED HIM HE NAILED IT FOR A YARD LOSS,A   AR     S,10,11,0.9090909090909091,38,42,0.9047619047619048,0.09523809523809523,False
MC04-Session1-headMic-0418,MC04,control,WE BOUGHT A BROWN CHAIR,AR,5,5,1.0,17,19,0.8947368421052632,0.10526315789473684,False
MC04-Session1-headMic-0419,MC04,control,CHIP,ET,1,1,1.0,4,4,1.0,0.5,False
MC04-Session1-headMic-0420,MC04,control,VICTOR,T,1,1,1.0,5,6,0.8333333333333334,0.16666666666666666,False
MC04-Session1-headMic-0421,MC04,control,PEOPLE WHO VALUE THEMSELVES ARE LIFE'S WINNERS,S O     S,7,7,1.0,38,40,0.95,0.075,False
MC04-Session1-headMic-0422,MC04,control,NO,IL,1,1,1.0,2,2,1.0,1.0,False
MC04-Session1-headMic-0423,MC04,control,MEAT,ITIT,1,1,1.0,3,4,0.75,1.0,False
MC04-Session1-headMic-0424,MC04,control,GET A CALICO CAT TO KEEP,AHRO,6,6,1.0,17,19,0.8947368421052632,0.21052631578947367,False
MC04-Session1-headMic-0425,MC04,control,X RAY,,2,2,1.0,4,4,1.0,0.0,True
MC04-Session1-headMic-0426,MC04,control,REST,ITI,1,1,1.0,4,4,1.0,0.75,False
MC04-Session1-headMic-0427,MC04,control,SAID,HA,1,1,1.0,3,4,0.75,0.5,False
MC04-Session1-headMic-0428,MC04,control,ZIP,,1,1,1.0,3,3,1.0,0.0,True
MC04-Session1-headMic-0429,MC04,control,I'M WILLING TO EXPERIMENT FOR THE FIRST TIME,A   S,8,8,1.0,36,37,0.972972972972973,0.05405405405405406,False
MC04-Session1-headMic-0430,MC04,control,KNOT,TAH,1,1,1.0,4,4,1.0,0.75,False
MC04-Session1-headMic-0431,MC04,control,SING,S,1,1,1.0,3,4,0.75,0.25,False
MC04-Session1-headMic-0432,MC04,control,TIN,AL,1,1,1.0,3,3,1.0,0.6666666666666666,False
MC04-Session1-headMic-0433,MC04,control,TIN,AHAT,1,1,1.0,4,3,1.3333333333333333,1.3333333333333333,False
MC04-Session1-headMic-0434,MC04,control,HAND,AETE,1,1,1.0,4,4,1.0,1.0,False
MC04-Session1-headMic-0435,MC04,control,FOUR,SIPP,1,1,1.0,4,4,1.0,1.0,False
MC04-Session1-headMic-0436,MC04,control,EACH ONE VOLUNTEERED TO JUMP FIRST,A  E RR,6,6,1.0,25,29,0.8620689655172413,0.13793103448275862,False
MC04-Session1-headMic-0437,MC04,control,QUICKER,TI,1,1,1.0,6,7,0.8571428571428571,0.2857142857142857,False
MC04-Session1-headMic-0438,MC04,control,NUT,AT,1,1,1.0,2,3,0.6666666666666666,0.6666666666666666,False
MC04-Session1-headMic-0439,MC04,control,THE PROSPECT OF CUTTING BACK SPENDING IS AN UNPLEASANT ONE FOR ANY GOVERNOR,,13,13,1.0,63,63,1.0,0.0,True
MC04-Session1-headMic-0440,MC04,control,WE HAVE AN EXCELLENT TEAM,IAR,5,5,1.0,20,21,0.9523809523809523,0.14285714285714285,False
MC04-Session1-headMic-0441,MC04,control,A GOOD ATTITUDE IS UNBEATABLE,LR,5,5,1.0,24,25,0.96,0.08,False
MC04-Session1-headMic-0442,MC04,control,BITTER,OIRT,1,1,1.0,4,6,0.6666666666666666,0.6666666666666666,False
MC04-Session1-headMic-0443,MC04,control,LOCK,AP,1,1,1.0,4,4,1.0,0.5,False
MC04-Session1-headMic-0444,MC04,control,DID DAD DO ACADEMIC BIDDING,LLAE,5,5,1.0,21,23,0.9130434782608695,0.17391304347826086,False
MC04-Session1-headMic-0445,MC04,control,DID DAD DO ACADEMIC BIDDING,A,5,5,1.0,22,23,0.9565217391304348,0.043478260869565216,False
MC04-Session1-headMic-0446,MC04,control,THEN WE'D REALLY HAVE SOMEPLACE TO GO,ARS,7,7,1.0,29,31,0.9354838709677419,0.0967741935483871,False
MC04-Session1-headMic-0447,MC04,control,WIT,IT,1,1,1.0,1,3,0.3333333333333333,0.6666666666666666,False
MC04-Session1-headMic-0448,MC04,control,SLICKER,R,1,1,1.0,6,7,0.8571428571428571,0.14285714285714285,False
MC04-Session1-headMic-0449,MC04,control,WHISKY,IT,1,1,1.0,5,6,0.8333333333333334,0.3333333333333333,False
MC04-Session1-headMic-0450,MC04,control,BREAD,OREET,1,1,1.0,3,5,0.6,1.0,False
MC04-Session1-headMic-0451,MC04,control,FORK,SPE,1,1,1.0,4,4,1.0,0.75,False
MC04-Session1-headMic-0452,MC04,control,KNOT,RIO,1,1,1.0,3,4,0.75,0.75,False
MC04-Session1-headMic-0453,MC04,control,THE HOTEL OWNER SHRUGGED,,4,4,1.0,21,21,1.0,0.0,True
MC04-Session1-headMic-0454,MC04,control,SIP,,1,1,1.0,3,3,1.0,0.0,True
MC04-Session1-headMic-0455,MC04,control,WHITE CAPPED WAVES COVERED THE ENTIRE BAY,S    A,7,7,1.0,33,35,0.9428571428571428,0.05714285714285714,False
MC04-Session1-headMic-0456,MC04,control,UNIFORM,IS,1,1,1.0,6,7,0.8571428571428571,0.2857142857142857,False
MC04-Session1-headMic-0457,MC04,control,NEST,OS,1,1,1.0,3,4,0.75,0.5,False
MC04-Session1-headMic-0458,MC04,control,ROCK,FET,1,1,1.0,4,4,1.0,0.75,False
MC04-Session1-headMic-0459,MC04,control,FLICKER,S,1,1,1.0,7,7,1.0,0.14285714285714285,False
MC04-Session1-headMic-0460,MC04,control,SIT,S,1,1,1.0,2,3,0.6666666666666666,0.3333333333333333,False
MC04-Session1-headMic-0461,MC04,control,ROCK,ITE,1,1,1.0,4,4,1.0,0.75,False
MC04-Session1-headMic-0462,MC04,control,LEFT,ASE,1,1,1.0,4,4,1.0,0.75,False
MC04-Session1-headMic-0463,MC04,control,SHOOT,AIHLT,1,1,1.0,4,5,0.8,1.0,False
MC04-Session1-headMic-0464,MC04,control,SIERRA,TAR,1,1,1.0,5,6,0.8333333333333334,0.5,False
MC04-Session1-headMic-0465,MC04,control,ONE,AET,1,1,1.0,3,3,1.0,1.0,False
MC04-Session1-headMic-0466,MC04,control,BEG THAT GUARD FOR ONE GALLON OF GAS,OS,8,8,1.0,27,29,0.9310344827586207,0.06896551724137931,False
MC04-Session1-headMic-0467,MC04,control,TRAVEL IS ABOUT THE ONLY LEISURE WE HAVE,RO,8,8,1.0,31,33,0.9393939393939394,0.06060606060606061,False
MC04-Session1-headMic-0468,MC04,control,PLEASE OPEN THE WINDOW QUICKLY,,5,5,1.0,26,26,1.0,0.0,True
MC04-Session1-headMic-0469,MC04,control,SAND,IALN,1,1,1.0,3,4,0.75,1.0,False
MC04-Session1-headMic-0470,MC04,control,THIS IS A GOOD PLACE THOUGH SMALL,SR,7,7,1.0,26,27,0.9629629629629629,0.07407407407407407,False
MC04-Session1-headMic-0471,MC04,control,MOST YOUNG RISE EARLY EVERY MORNING,S   A  L,6,6,1.0,27,30,0.9,0.1,False
MC04-Session1-headMic-0472,MC04,control,HE IS DEFINITELY A NOTCH ABOVE US,SL    L S,7,7,1.0,24,27,0.8888888888888888,0.14814814814814814,False
MC04-Session1-headMic-0473,MC04,control,NED,ES,1,1,1.0,2,3,0.6666666666666666,0.6666666666666666,False
MC04-Session1-headMic-0474,MC04,control,GLITTER,AR,1,1,1.0,6,7,0.8571428571428571,0.2857142857142857,False
MC04-Session1-headMic-0475,MC04,control,SINK,SEE,1,1,1.0,3,4,0.75,0.75,False
MC04-Session1-headMic-0476,MC04,control,TREAD,IATA,1,1,1.0,4,5,0.8,0.8,False
MC04-Session1-headMic-0477,MC04,control,A,AT,1,1,1.0,1,1,1.0,2.0,False
MC04-Session1-headMic-0479,MC04,control,SITTER,RA,1,1,1.0,6,6,1.0,0.3333333333333333,False
MC04-Session1-headMic-0480,MC04,control,UP,F,1,1,1.0,2,2,1.0,0.5,False
MC04-Session1-headMic-0481,MC04,control,UP,,1,1,1.0,2,2,1.0,0.0,True
MC04-Session1-headMic-0482,MC04,control,DRESS,TIST,1,1,1.0,4,5,0.8,0.8,False
MC04-Session1-headMic-0483,MC04,control,WITCH,IIH,1,1,1.0,3,5,0.6,0.6,False
MC04-Session1-headMic-0484,MC04,control,TICKER,,1,1,1.0,6,6,1.0,0.0,True
MC04-Session1-headMic-0485,MC04,control,THE OWNERS REGULARLY LOOK FOR PLUMBING LEAKS,R R,7,7,1.0,36,38,0.9473684210526315,0.05263157894736842,False
MC04-Session1-headMic-0486,MC04,control,IT'S FUN TO ROAST MARSHMALLOWS ON A GAS BURNER,R,9,9,1.0,37,38,0.9736842105263158,0.02631578947368421,False
MC04-Session1-headMic-0487,MC04,control,TWO,IT,1,1,1.0,3,3,1.0,0.6666666666666666,False
MC04-Session1-headMic-0488,MC04,control,RIGHT,RIATH,1,1,1.0,3,5,0.6,1.0,False
MC04-Session1-headMic-0489,MC04,control,WICKED,HIR,1,1,1.0,5,6,0.8333333333333334,0.5,False
MC04-Session1-headMic-0490,MC04,control,IN,L,1,1,1.0,2,2,1.0,0.5,False
MC04-Session1-headMic-0491,MC04,control,NOBODY REALLY EXPECTS TO EVACUATE,R,5,5,1.0,28,29,0.9655172413793104,0.034482758620689655,False
MC04-Session1-headMic-0492,MC04,control,SICKER,AET,1,1,1.0,5,6,0.8333333333333334,0.5,False
MC04-Session1-headMic-0493,MC04,control,THE WAIT FOR WORK CAN BE VERY LONG,A,8,8,1.0,26,27,0.9629629629629629,0.037037037037037035,False
MC04-Session1-headMic-0494,MC04,control,HE TOOK ME OUT ONE DAY,RIA,6,6,1.0,16,17,0.9411764705882353,0.17647058823529413,False
MC04-Session1-headMic-0495,MC04,control,WICKER,AT,1,1,1.0,6,6,1.0,0.3333333333333333,False
MC04-Session1-headMic-0496,MC04,control,WICKER,T,1,1,1.0,6,6,1.0,0.16666666666666666,False
MC04-Session1-headMic-0497,MC04,control,SIN,FI,1,1,1.0,2,3,0.6666666666666666,0.6666666666666666,False
MC04-Session1-headMic-0498,MC04,control,ONLY LAWYERS LOVE MILLIONAIRES,,4,4,1.0,27,27,1.0,0.0,True
MC04-Session1-headMic-0499,MC04,control,ROMEO,AAD,1,1,1.0,5,5,1.0,0.6,False
MC04-Session1-headMic-0500,MC04,control,HIM,T,1,1,1.0,3,3,1.0,0.3333333333333333,False
MC04-Session1-headMic-0501,MC04,control,LITTER,ATI,1,1,1.0,5,6,0.8333333333333334,0.5,False
MC04-Session1-headMic-0502,MC04,control,HAM,,1,1,1.0,3,3,1.0,0.0,True
MC04-Session1-headMic-0503,MC04,control,BEING ABLE TO DANCE CAN HELP TOO,,7,7,1.0,26,26,1.0,0.0,True
MC04-Session1-headMic-0504,MC04,control,SHIP,HIA,1,1,1.0,2,4,0.5,0.75,False
MC04-Session1-headMic-0505,MC04,control,HELP GREG TO PICK A PECK OF POTATOES,,8,8,1.0,29,29,1.0,0.0,True
MC04-Session1-headMic-0506,MC04,control,SHELL,THAPL,1,1,1.0,3,5,0.6,1.0,False
MC04-Session1-headMic-0508,MC04,control,DICE,EA,1,1,1.0,4,4,1.0,0.5,False
MC04-Session1-headMic-0509,MC04,control,NEAT,OIRITT,1,1,1.0,5,4,1.25,1.5,False
MC04-Session1-headMic-0510,MC04,control,BIBLICAL SCHOLARS ARGUE HISTORY,EH,4,4,1.0,26,28,0.9285714285714286,0.07142857142857142,False
MC04-Session1-headMic-0511,MC04,control,CHOP,LF,1,1,1.0,4,4,1.0,0.5,False
MC04-Session1-headMic-0512,MC04,control,WISE,AS,1,1,1.0,3,4,0.75,0.5,False
MC04-Session1-headMic-0513,MC04,control,SHRED,HTAT,1,1,1.0,4,5,0.8,0.8,False
MC04-Session1-headMic-0514,MC04,control,SKETCH,SIHTI,1,1,1.0,4,6,0.6666666666666666,0.8333333333333334,False
MC04-Session1-headMic-0516,MC04,control,REAP,IH,1,1,1.0,4,4,1.0,0.5,False
MC04-Session1-headMic-0517,MC04,control,STEAK,ASE,1,1,1.0,4,5,0.8,0.6,False
MC04-Session1-headMic-0518,MC04,control,A QUICK TOUCHDOWN RESULTED,AH,4,4,1.0,21,23,0.9130434782608695,0.08695652173913043,False
MC04-Session1-headMic-0519,MC04,control,BEAT,,1,1,1.0,4,4,1.0,0.0,True
MC04-Session1-headMic-0520,MC04,control,CHEER,T,1,1,1.0,5,5,1.0,0.2,False
MC04-Session1-headMic-0521,MC04,control,NO,A,1,1,1.0,2,2,1.0,0.5,False
MC04-Session1-headMic-0522,MC04,control,WRITE,HO,1,1,1.0,5,5,1.0,0.4,False
MC04-Session1-headMic-0524,MC04,control,THREE,EED,1,1,1.0,4,5,0.8,0.6,False
MC04-Session1-headMic-0525,MC04,control,SEW,A,1,1,1.0,3,3,1.0,0.3333333333333333,False
MC04-Session1-headMic-0526,MC04,control,BILL,,1,1,1.0,4,4,1.0,0.0,True
MC04-Session1-headMic-0527,MC04,control,STRETCH,SATSH,1,1,1.0,4,7,0.5714285714285714,0.7142857142857143,False
MC04-Session1-headMic-0528,MC04,control,CAKE,AIAH,1,1,1.0,4,4,1.0,1.0,False
MC04-Session1-headMic-0529,MC04,control,FORK,ST,1,1,1.0,4,4,1.0,0.5,False
MC04-Session1-headMic-0530,MC04,control,SHORT,I,1,1,1.0,5,5,1.0,0.2,False
MC04-Session1-headMic-0531,MC04,control,THREAT,IEIPTP,1,1,1.0,6,6,1.0,1.0,False
MC04-Session1-headMic-0532,MC04,control,RAY,RE,1,1,1.0,2,3,0.6666666666666666,0.6666666666666666,False
MC04-Session1-headMic-0533,MC04,control,TOE,AO,1,1,1.0,2,3,0.6666666666666666,0.6666666666666666,False
MC04-Session1-headMic-0534,MC04,control,ETIQUETTE MANDATES COMPLIANCE WITH EXISTING REGULATIONS,,6,6,1.0,50,50,1.0,0.0,True
MC04-Session1-headMic-0535,MC04,control,SPORT,II,1,1,1.0,5,5,1.0,0.4,False
MC04-Session1-headMic-0536,MC04,control,TORT,OT,1,1,1.0,2,4,0.5,0.5,False
MC04-Session1-headMic-0537,MC04,control,SHOW,,1,1,1.0,4,4,1.0,0.0,True
MC04-Session1-headMic-0538,MC04,control,GEESE,ATH,1,1,1.0,5,5,1.0,0.6,False
MC04-Session1-headMic-0539,MC04,control,THERE IS DEFINITELY SOME LIGAMENT DAMAGE IN HIS KNEE,A,9,9,1.0,43,44,0.9772727272727273,0.022727272727272728,False
MC04-Session1-headMic-0540,MC04,control,THE RESULTS WERE VERY DISAPPOINTING,E,5,5,1.0,30,31,0.967741935483871,0.03225806451612903,False
MC04-Session1-headMic-0541,MC04,control,COAT,AIT,1,1,1.0,3,4,0.75,0.75,False
MC04-Session1-headMic-0542,MC04,control,SAID,I,1,1,1.0,3,4,0.75,0.25,False
MC04-Session1-headMic-0543,MC04,control,I'VE KEPT IT WITH ME EVER SINCE,RR,7,7,1.0,24,25,0.96,0.08,False
MC04-Session1-headMic-0544,MC04,control,I'VE KEPT IT WITH ME EVER SINCE,,7,7,1.0,25,25,1.0,0.0,True
MC04-Session1-headMic-0545,MC04,control,COURT,IAT,1,1,1.0,4,5,0.8,0.6,False
MC04-Session1-headMic-0546,MC04,control,HOLD,FE,1,1,1.0,4,4,1.0,0.5,False
MC04-Session1-headMic-0547,MC04,control,GOOSE,A,1,1,1.0,5,5,1.0,0.2,False
MC04-Session1-headMic-0548,MC04,control,THREAD,SI,1,1,1.0,6,6,1.0,0.3333333333333333,False
MC04-Session1-headMic-0549,MC04,control,TRESPASSERS CAN BE PROSECUTED AND FINED,,6,6,1.0,34,34,1.0,0.0,True
MC04-Session1-headMic-0550,MC04,control,SIDE,SI,1,1,1.0,2,4,0.5,0.5,False
MC04-Session1-headMic-0551,MC04,control,FOUR,SIT,1,1,1.0,4,4,1.0,0.75,False
MC04-Session1-headMic-0552,MC04,control,ONLY THE MOST ACCOMPLISHED ARTISTS OBTAIN POPULARITY,,7,7,1.0,46,46,1.0,0.0,True
MC04-Session1-headMic-0553,MC04,control,BREAD,AIAT,1,1,1.0,4,5,0.8,0.8,False
MC04-Session1-headMic-0554,MC04,control,SORT,OT,1,1,1.0,2,4,0.5,0.5,False
MC04-Session1-headMic-0555,MC04,control,DREAD,REAT,1,1,1.0,2,5,0.4,0.8,False
MC04-Session1-headMic-0556,MC04,control,NIGHT,ET,1,1,1.0,4,5,0.8,0.4,False
MC04-Session1-headMic-0557,MC04,control,GAS,A,1,1,1.0,2,3,0.6666666666666666,0.3333333333333333,False
MC04-Session1-headMic-0558,MC04,control,SHIN,SHE,1,1,1.0,2,4,0.5,0.75,False
MC04-Session1-headMic-0559,MC04,control,SHOP,AT,1,1,1.0,4,4,1.0,0.5,False
MC04-Session1-headMic-0560,MC04,control,MENU,I,1,1,1.0,4,4,1.0,0.25,False
MC04-Session1-headMic-0561,MC04,control,SNAKE,ROAT,1,1,1.0,4,5,0.8,0.8,False
MC04-Session1-headMic-0562,MC04,control,CHAIR,A,1,1,1.0,4,5,0.8,0.2,False
MC04-Session1-headMic-0563,MC04,control,RID,INT,1,1,1.0,3,3,1.0,1.0,False
MC04-Session1-headMic-0564,MC04,control,I THINK I'M FULL OF THIS STUFF,SI  S,7,7,1.0,22,24,0.9166666666666666,0.125,False
MC04-Session1-headMic-0565,MC04,control,BOOT,T,1,1,1.0,3,4,0.75,0.25,False
MC04-Session1-headMic-0566,MC04,control,RAKE,LORH,1,1,1.0,4,4,1.0,1.0,False
MC04-Session1-headMic-0567,MC04,control,LEND,T,1,1,1.0,4,4,1.0,0.25,False
MC04-Session1-headMic-0568,MC04,control,SELECT,AR,1,1,1.0,6,6,1.0,0.3333333333333333,False
MC04-Session1-headMic-0569,MC04,control,MUCH,IS,1,1,1.0,4,4,1.0,0.5,False
MC04-Session1-headMic-0570,MC04,control,CRITICAL EQUIPMENT NEEDS PROPER MAINTENANCE,N,5,5,1.0,38,39,0.9743589743589743,0.02564102564102564,False
MC04-Session1-headMic-0571,MC04,control,MUCK,IT,1,1,1.0,4,4,1.0,0.5,False
MC04-Session1-headMic-0572,MC04,control,BACK,AIES,1,1,1.0,4,4,1.0,1.0,False
MC04-Session1-headMic-0573,MC04,control,BARB'S GOLD BRACELET WAS A GRADUATION PRESENT,,7,7,1.0,39,39,1.0,0.0,True
MC04-Session1-headMic-0574,MC04,control,RIP,OH,1,1,1.0,3,3,1.0,0.6666666666666666,False
MC04-Session1-headMic-0575,MC04,control,COCONUT CREAM PIE MAKES A NICE DESSERT,E R,7,7,1.0,30,32,0.9375,0.0625,False
MC04-Session1-headMic-0576,MC04,control,GOAT,TT,1,1,1.0,3,4,0.75,0.5,False
MC04-Session1-headMic-0577,MC04,control,SHOT,IIT,1,1,1.0,3,4,0.75,0.75,False
MC04-Session1-headMic-0578,MC04,control,I SCREAM TO WARM UP MY VOICE,AAR,7,7,1.0,19,22,0.8636363636363636,0.13636363636363635,False
MC04-Session1-headMic-0579,MC04,control,SHEET,I,1,1,1.0,5,5,1.0,0.2,False
MC04-Session1-headMic-0580,MC04,control,BEND,E,1,1,1.0,3,4,0.75,0.25,False
MC04-Session1-headMic-0581,MC04,control,SHEEP,IP,1,1,1.0,4,5,0.8,0.4,False
MC04-Session1-headMic-0582,MC04,control,THE LITTLE GIRLS CUT LACY VALENTINES,RER S,6,6,1.0,28,31,0.9032258064516129,0.12903225806451613,False
MC04-Session1-headMic-0583,MC04,control,EAT,ET,1,1,1.0,1,3,0.3333333333333333,0.6666666666666666,False
MC04-Session1-headMic-0584,MC04,control,MEAT,EET,1,1,1.0,2,4,0.5,0.75,False
MC04-Session1-headMic-0585,MC04,control,DO THEY MAKE ANY MONEY,HE,5,5,1.0,16,18,0.8888888888888888,0.1111111111111111,False
MC04-Session1-headMic-0586,MC04,control,I CALLED TWO DIFFERENT PAINTERS,AR,5,5,1.0,25,27,0.9259259259259259,0.07407407407407407,False
MC04-Session1-headMic-0587,MC04,control,CAKES,TITT,1,1,1.0,5,5,1.0,0.8,False
MC04-Session1-headMic-0588,MC04,control,CATCH,LIH,1,1,1.0,4,5,0.8,0.6,False
MC04-Session1-headMic-0589,MC04,control,HELP CELEBRATE YOUR BROTHER'S SUCCESS,S,5,5,1.0,32,33,0.9696969696969697,0.030303030303030304,False
MC04-Session1-headMic-0590,MC04,control,THERE WAS ONLY ONE DECISION TO BE MADE,E,8,8,1.0,30,31,0.967741935483871,0.03225806451612903,False
MC04-Session1-headMic-0591,MC04,control,BLEND,E,1,1,1.0,4,5,0.8,0.2,False
MC04-Session1-headMic-0592,MC04,control,GILL,A,1,1,1.0,4,4,1.0,0.25,False
MC04-Session1-headMic-0593,MC04,control,LEE,R,1,1,1.0,3,3,1.0,0.3333333333333333,False
MC04-Session1-headMic-0594,MC04,control,LEAK,LSH,1,1,1.0,3,4,0.75,0.75,False
MC04-Session1-headMic-0595,MC04,control,RED,RO,1,1,1.0,2,3,0.6666666666666666,0.6666666666666666,False
MC04-Session1-headMic-0596,MC04,control,RAKE,IF,1,1,1.0,4,4,1.0,0.5,False
MC04-Session1-headMic-0597,MC04,control,DEAD,AET,1,1,1.0,3,4,0.75,0.75,False
MC04-Session1-headMic-0598,MC04,control,SEW,TICH,1,1,1.0,4,3,1.3333333333333333,1.3333333333333333,False
MC04-Session1-headMic-0599,MC04,control,STIMULATING DISCUSSIONS KEEP STUDENTS' ATTENTION,S,5,5,1.0,43,44,0.9772727272727273,0.022727272727272728,False
MC04-Session1-headMic-0600,MC04,control,THE FISH SWAM ACROSS THE POND,RR,6,6,1.0,23,24,0.9583333333333334,0.08333333333333333,False
MC04-Session1-headMic-0601,MC04,control,PORK,FA,1,1,1.0,4,4,1.0,0.5,False
MC04-Session1-headMic-0602,MC04,control,SUDDENLY MY REFLEXES ARE GONE,,5,5,1.0,25,25,1.0,0.0,True
MC04-Session1-headMic-0603,MC04,control,SUDDENLY MY REFLEXES ARE GONE,R,5,5,1.0,24,25,0.96,0.04,False
MC04-Session1-headMic-0604,MC04,control,FORWARD,SAR,1,1,1.0,5,7,0.7142857142857143,0.42857142857142855,False
MC04-Session1-headMic-0605,MC04,control,SIGHT,T,1,1,1.0,4,5,0.8,0.2,False
MC04-Session1-headMic-0606,MC04,control,SHOOT,HA,1,1,1.0,4,5,0.8,0.4,False
MC04-Session1-headMic-0607,MC04,control,RIDE,NH,1,1,1.0,4,4,1.0,0.5,False
MC04-Session1-headMic-0608,MC04,control,WHO KNOWS WHAT YOU'LL DISCOVER ABOUT YOURSELF,RS,7,7,1.0,37,39,0.9487179487179487,0.05128205128205128,False
MC04-Session1-headMic-0609,MC04,control,HEAT,T,1,1,1.0,3,4,0.75,0.25,False
MC04-Session1-headMic-0610,MC04,control,SHIP,THIT,1,1,1.0,2,4,0.5,1.0,False
MC04-Session1-headMic-0611,MC04,control,SHE DOESN'T LIKE TO HAVE IT HANGING AROUND,E,8,8,1.0,34,35,0.9714285714285714,0.02857142857142857,False
MC04-Session1-headMic-0612,MC04,control,LIFE IS SHORT AND PRECIOUS,IS,4,5,0.8,20,22,0.9090909090909091,0.09090909090909091,False
MC04-Session1-headMic-0613,MC04,control,READ,E,1,1,1.0,3,4,0.75,0.25,False
MC04-Session1-headMic-0614,MC04,control,SHED,SIA,1,1,1.0,3,4,0.75,0.75,False
MC04-Session1-headMic-0615,MC04,control,FOE,S,1,1,1.0,3,3,1.0,0.3333333333333333,False
MC04-Session1-headMic-0616,MC04,control,BILL,T,1,1,1.0,4,4,1.0,0.25,False
MC04-Session1-headMic-0617,MC04,control,NICE,RAEHSIT,1,1,1.0,7,4,1.75,1.75,False
MC04-Session1-headMic-0618,MC04,control,HE,TE,1,1,1.0,1,2,0.5,1.0,False
MC04-Session1-headMic-0619,MC04,control,LAKE,EI,1,1,1.0,4,4,1.0,0.5,False
MC04-Session1-headMic-0620,MC04,control,WEEP,E,1,1,1.0,3,4,0.75,0.25,False
MC04-Session1-headMic-0621,MC04,control,YOUNG PEOPLE PARTICIPATE IN ATHLETIC ACTIVITIES,S,6,6,1.0,41,42,0.9761904761904762,0.023809523809523808,False
MC04-Session1-headMic-0622,MC04,control,DUG,A,1,1,1.0,3,3,1.0,0.3333333333333333,False
MC04-Session1-headMic-0623,MC04,control,IN,RH,1,1,1.0,2,2,1.0,1.0,False
MC04-Session1-headMic-0624,MC04,control,AIR,AEHAR,1,1,1.0,3,3,1.0,1.6666666666666667,False
MC04-Session1-headMic-0625,MC04,control,HE PLAYED BASKETBALL THERE WHILE WORKING TOWARD A LAW DEGREE,,10,10,1.0,51,51,1.0,0.0,True
MC04-Session1-headMic-0626,MC04,control,EAT,ETT,1,1,1.0,1,3,0.3333333333333333,1.0,False
MC04-Session1-headMic-0627,MC04,control,DILL,ETF,1,1,1.0,4,4,1.0,0.75,False
MC04-Session1-headMic-0628,MC04,control,SNORT,IT,1,1,1.0,4,5,0.8,0.4,False
MC04-Session1-headMic-0629,MC04,control,FED,SIT,1,1,1.0,3,3,1.0,1.0,False
MC04-Session1-headMic-0630,MC04,control,BLEND,N,1,1,1.0,4,5,0.8,0.2,False
MC04-Session1-headMic-0631,MC04,control,SOME PREFER THE TRADITIONAL STEEL KIND,IIA  R,6,6,1.0,30,33,0.9090909090909091,0.12121212121212122,False
MC04-Session1-headMic-0632,MC04,control,HE ASKED YOU FOR A LOAN,L,6,6,1.0,17,18,0.9444444444444444,0.05555555555555555,False
MC04-Session1-headMic-0633,MC04,control,OLD,T,1,1,1.0,3,3,1.0,0.3333333333333333,False
MC04-Session1-headMic-0634,MC04,control,CASH,HIT,1,1,1.0,4,4,1.0,0.75,False
MC04-Session1-headMic-0635,MC04,control,IN FACT OUR WHOLE DEFENSIVE UNIT DID A GOOD JOB,I    R,10,10,1.0,36,38,0.9473684210526315,0.05263157894736842,False
MC04-Session1-headMic-0636,MC04,control,THE FOUR BROTHERS LOOKED IDENTICAL,,5,5,1.0,30,30,1.0,0.0,True
MC04-Session1-headMic-0637,MC04,control,SEE,TE,1,1,1.0,2,3,0.6666666666666666,0.6666666666666666,False
MC04-Session1-headMic-0638,MC04,control,DON'T DO CHARLIE'S DIRTY DISHES,AIH,5,5,1.0,24,27,0.8888888888888888,0.1111111111111111,False
MC04-Session1-headMic-0639,MC04,control,FORT,FORT,0,1,0.0,0,4,0.0,1.0,False
MC04-Session1-headMic-0640,MC04,control,SIN,ET,1,1,1.0,3,3,1.0,0.6666666666666666,False
MC04-Session1-headMic-0641,MC04,control,YES,TIS,1,1,1.0,2,3,0.6666666666666666,1.0,False
MC04-Session1-headMic-0642,MC04,control,WE SELECTED PLACES WHERE FAMILIES WILL BE WELCOME,L   L  R,8,8,1.0,39,42,0.9285714285714286,0.07142857142857142,False
MC04-Session1-headMic-0643,MC04,control,GEESE,PIHT,1,1,1.0,5,5,1.0,0.8,False
MC04-Session1-headMic-0644,MC04,control,RISE,AEE,1,1,1.0,3,4,0.75,0.75,False
MC04-Session1-headMic-0645,MC04,control,BILL,E,1,1,1.0,4,4,1.0,0.25,False
MC04-Session1-headMic-0647,MC04,control,LIP,,1,1,1.0,3,3,1.0,0.0,True
MC04-Session1-headMic-0648,MC04,control,CORK,T,1,1,1.0,4,4,1.0,0.25,False
MC04-Session1-headMic-0649,MC04,control,QUART,SE,1,1,1.0,5,5,1.0,0.4,False
MC04-Session1-headMic-0650,MC04,control,SEW,IAILET,1,1,1.0,5,3,1.6666666666666667,2.0,False
MC04-Session1-headMic-0651,MC04,control,THAT'S WHAT LIFE IS REALLY ALL ABOUT,,7,7,1.0,30,30,1.0,0.0,True
MC04-Session1-headMic-0652,MC04,control,TUG,T,1,1,1.0,2,3,0.6666666666666666,0.3333333333333333,False
MC04-Session1-headMic-0653,MC04,control,MILL,HIT,1,1,1.0,3,4,0.75,0.75,False
MC04-Session1-headMic-0654,MC04,control,PORT,S,1,1,1.0,4,4,1.0,0.25,False
